,Player_Name,Country,Start_Year,End_Year,Matches,Innings,Not_Out,Total_Runs,Highest_Score,Batting_Average,Ball_Faced,Strike_Rate,100's,50's
0,SR Tendulkar ,India,1989,2012,463,452,41,18426,200,44.83,21368,86.23,49.0,96.0
1,V Kohli ,India,2008,2026,311,299,47,14797,183,58.71,15771,93.82,54.0,77.0
2,KC Sangakkara ,Asia,2000,2015,404,380,41,14234,169,41.98,18048,78.86,25.0,93.0
3,RT Ponting ,Australia,1995,2012,375,365,39,13704,164,42.03,17046,80.39,30.0,82.0
4,ST Jayasuriya ,Asia,1989,2011,445,433,18,13430,189,32.36,14725,91.2,28.0,68.0
5,DPMD Jayawardene ,Asia,1998,2015,448,418,39,12650,144,33.37,16020,78.96,19.0,77.0
6,Inzamam-ul-Haq ,Asia,1991,2007,378,350,53,11739,137,39.52,15812,74.24,10.0,83.0
7,RG Sharma ,India,2007,2026,285,277,37,11720,264,48.83,12606,92.97,33.0,62.0
8,JH Kallis ,Afr,1996,2014,328,314,53,11579,139,44.36,15885,72.89,17.0,86.0
9,SC Ganguly ,Asia,1992,2007,311,300,23,11363,183,41.02,15416,73.7,22.0,72.0
10,R Dravid ,Asia,1996,2011,344,318,40,10889,153,39.16,15285,71.23,12.0,83.0
11,MS Dhoni ,Asia,2004,2019,350,297,84,10773,183,50.57,12303,87.56,10.0,73.0
12,CH Gayle ,ICC,1999,2019,301,294,17,10480,215,37.83,12019,87.19,25.0,54.0
13,BC Lara ,ICC,1990,2007,299,289,32,10405,169,40.48,13086,79.51,19.0,63.0
14,TM Dilshan ,Sri Lanka,1999,2016,330,303,41,10290,161,39.27,11933,86.23,22.0,47.0
15,Mohammad Yousuf ,Asia,1998,2010,288,273,40,9720,141,41.71,12942,75.1,15.0,64.0
16,AC Gilchrist ,Australia,1996,2008,287,279,11,9619,172,35.89,9922,96.94,16.0,55.0
17,AB de Villiers ,Afr,2005,2018,228,218,39,9577,176,53.5,9473,101.09,25.0,53.0
18,M Azharuddin ,India,1985,2000,334,308,54,9378,153,36.92,12669,74.02,7.0,58.0
19,PA de Silva ,Sri Lanka,1984,2003,308,296,30,9284,145,34.9,11443,81.13,11.0,64.0
20,Saeed Anwar ,Pakistan,1989,2003,247,244,19,8824,194,39.21,10938,80.67,20.0,43.0
21,S Chanderpaul ,West Indies,1994,2011,268,251,40,8778,150,41.6,12408,70.74,11.0,59.0
22,Yuvraj Singh ,Asia,2000,2017,304,278,40,8701,150,36.55,9924,87.67,14.0,52.0
23,DL Haynes ,West Indies,1978,1994,238,237,28,8648,152,41.37,13707,63.09,17.0,57.0
24,LRPL Taylor ,New Zealand,2006,2022,236,220,39,8607,181,47.55,10330,83.32,21.0,51.0
25,MS Atapattu ,Sri Lanka,1990,2007,268,259,32,8529,132,37.57,12594,67.72,11.0,59.0
26,ME Waugh ,Australia,1988,2002,244,236,20,8500,173,39.35,11053,76.9,18.0,50.0
27,Tamim Iqbal ,Bangladesh,2007,2023,243,240,12,8357,158,36.65,10642,78.52,14.0,56.0
28,V Sehwag ,Asia,1999,2013,251,245,9,8273,219,35.05,7929,104.33,15.0,38.0
29,HM Amla ,South Africa,2008,2019,181,178,14,8113,159,49.46,9178,88.39,27.0,39.0
30,HH Gibbs ,South Africa,1996,2010,248,240,16,8094,175,36.13,9721,83.26,21.0,37.0
31,Shahid Afridi ,Asia,1996,2015,398,369,27,8064,124,23.57,6892,117.0,6.0,39.0
32,SP Fleming ,ICC,1994,2007,280,269,21,8037,134,32.4,11242,71.49,8.0,49.0
33,MJ Clarke ,Australia,2003,2015,245,223,44,7981,130,44.58,10104,78.98,8.0,58.0
34,Mushfiqur Rahim ,Bangladesh,2006,2025,274,256,42,7795,144,36.42,9780,79.7,9.0,49.0
35,EJG Morgan ,England,2006,2022,248,230,34,7701,148,39.29,8447,91.16,14.0,47.0
36,JE Root ,England,2013,2026,189,178,25,7577,166,49.52,8650,87.59,20.0,45.0
37,Shakib Al Hasan ,Bangladesh,2006,2023,247,234,31,7570,134,37.29,9138,82.84,9.0,56.0
38,SR Waugh ,Australia,1986,2002,325,288,58,7569,120,32.9,9971,75.91,3.0,45.0
39,Shoaib Malik ,Pakistan,1999,2019,287,258,40,7534,143,34.55,9199,81.9,9.0,44.0
40,A Ranatunga ,Sri Lanka,1982,1999,269,255,47,7456,131,35.84,9571,77.9,4.0,49.0
41,Javed Miandad ,Pakistan,1975,1996,233,218,41,7381,119,41.7,11014,67.01,8.0,50.0
42,MJ Guptill ,New Zealand,2009,2022,198,195,19,7346,237,41.73,8415,87.29,18.0,39.0
43,KS Williamson ,New Zealand,2010,2025,175,167,18,7256,148,48.69,8893,81.59,15.0,47.0
44,Younis Khan ,Pakistan,2000,2015,265,255,23,7249,144,31.24,9628,75.29,7.0,48.0
45,Saleem Malik ,Pakistan,1982,1999,283,256,38,7170,102,32.88,9383,76.41,5.0,47.0
46,Q de Kock ,South Africa,2013,2025,161,161,8,7123,178,46.55,7367,96.68,23.0,32.0
47,NJ Astle ,New Zealand,1995,2007,223,217,14,7090,145,34.92,9760,72.64,16.0,41.0
48,GC Smith ,Afr,2002,2013,197,194,10,6989,141,37.98,8648,80.81,10.0,47.0
49,WU Tharanga ,Asia,2005,2019,235,223,17,6951,174,33.74,9155,75.92,15.0,37.0
50,DA Warner ,Australia,2009,2023,161,159,6,6932,179,45.3,7127,97.26,22.0,33.0
51,MG Bevan ,Australia,1994,2004,232,196,67,6912,108,53.58,9320,74.16,6.0,46.0
52,G Kirsten ,South Africa,1993,2003,185,185,19,6798,188,40.95,9436,72.04,13.0,45.0
53,S Dhawan ,India,2010,2022,167,164,10,6793,143,44.11,7436,91.35,17.0,39.0
54,A Flower ,Zimbabwe,1992,2003,213,208,16,6786,145,35.34,9097,74.59,4.0,55.0
55,IVA Richards ,West Indies,1975,1991,187,167,24,6721,189,47.0,7451,90.2,11.0,45.0
56,BRM Taylor ,Zimbabwe,2004,2025,207,205,15,6704,145,35.28,8761,76.52,11.0,39.0
57,Babar Azam ,Pakistan,2015,2026,143,140,16,6626,158,53.43,7652,86.59,20.0,38.0
58,Mohammad Hafeez ,Pakistan,2003,2019,218,216,15,6614,140,32.9,8633,76.61,11.0,38.0
59,GW Flower ,Zimbabwe,1992,2010,221,214,18,6571,142,33.52,9723,67.58,6.0,40.0
60,Ijaz Ahmed ,Pakistan,1986,2000,250,232,29,6564,139,32.33,8174,80.3,10.0,37.0
61,AR Border ,Australia,1979,1994,273,252,39,6524,127,30.62,9134,71.42,3.0,39.0
62,RB Richardson ,West Indies,1983,1996,224,217,30,6248,122,33.41,9801,63.74,5.0,44.0
63,SD Hope ,West Indies,2016,2026,150,144,22,6169,170,50.56,7725,79.85,19.0,31.0
64,ML Hayden ,Australia,1993,2008,161,155,15,6133,181,43.8,7767,78.96,10.0,36.0
65,BB McCullum ,New Zealand,2002,2016,260,228,28,6083,166,30.41,6312,96.37,5.0,32.0
66,DM Jones ,Australia,1984,1994,164,161,25,6068,145,44.61,8362,72.56,7.0,46.0
67,PR Stirling ,Ireland,2008,2025,170,162,3,6005,177,37.76,6864,87.48,14.0,32.0
68,DC Boon ,Australia,1984,1995,181,177,16,5964,122,37.04,9157,65.13,5.0,37.0
69,JN Rhodes ,South Africa,1992,2003,245,220,51,5935,121,35.11,7336,80.9,2.0,33.0
70,AD Mathews ,Sri Lanka,2008,2023,226,195,48,5916,139,40.24,7136,82.9,3.0,40.0
71,Ramiz Raja ,Pakistan,1985,1997,198,197,15,5841,119,32.09,9226,63.31,9.0,31.0
72,RR Sarwan ,West Indies,2000,2013,181,169,33,5804,120,42.67,7663,75.74,5.0,38.0
73,SPD Smith ,Australia,2010,2025,170,154,20,5800,164,43.28,6669,86.96,12.0,35.0
74,CL Hooper ,West Indies,1987,2003,227,206,43,5761,113,35.34,7517,76.63,7.0,29.0
75,SR Watson ,Australia,2002,2015,190,169,27,5757,185,40.54,6365,90.44,9.0,33.0
76,Mahmudullah ,Bangladesh,2007,2025,239,209,53,5689,128,36.46,7327,77.64,4.0,32.0
77,H Masakadza ,Zimbabwe,2001,2019,209,208,4,5658,178,27.73,7728,73.21,5.0,34.0
78,SK Raina ,India,2005,2018,226,194,35,5615,116,35.31,6005,93.5,5.0,36.0
79,MN Samuels ,West Indies,2000,2018,207,196,26,5606,133,32.97,7463,75.11,10.0,30.0
80,WJ Cronje ,South Africa,1992,2000,188,175,31,5565,112,38.64,7277,76.47,2.0,39.0
81,JC Buttler ,England,2012,2026,199,171,30,5515,162,39.11,4787,115.2,11.0,29.0
82,F du Plessis ,South Africa,2011,2019,143,136,20,5507,185,47.47,6215,88.6,12.0,35.0
83,MEK Hussey ,Australia,2004,2012,185,157,44,5442,109,48.15,6243,87.16,3.0,39.0
84,IR Bell ,England,2004,2015,161,157,14,5416,141,37.87,7019,77.16,4.0,35.0
85,AJ Finch ,Australia,2013,2022,146,142,3,5406,153,38.89,6162,87.73,17.0,30.0
86,A Jadeja ,India,1992,2000,196,179,36,5359,119,37.47,7678,69.79,6.0,30.0
87,DR Martyn ,Australia,1992,2006,208,182,51,5346,144,40.8,6877,77.73,5.0,37.0
88,G Gambhir ,India,2003,2013,147,143,11,5238,150,39.68,6144,85.25,11.0,34.0
89,SC Williams ,Zimbabwe,2005,2025,164,159,20,5217,174,37.53,6000,86.95,8.0,37.0
90,ADR Campbell ,Zimbabwe,1992,2003,188,184,14,5185,131,30.5,7834,66.18,7.0,30.0
91,RS Mahanama ,Sri Lanka,1986,1999,213,198,23,5162,119,29.49,8521,60.57,4.0,35.0
92,CG Greenidge ,West Indies,1975,1991,128,127,13,5134,133,45.03,7908,64.92,11.0,31.0
93,Misbah-ul-Haq ,Pakistan,2002,2015,162,149,31,5122,96,43.4,6945,73.75,0.0,42.0
94,JP Duminy ,South Africa,2004,2019,199,179,40,5117,150,36.81,6052,84.55,4.0,27.0
95,PD Collingwood ,England,2001,2011,197,181,37,5092,120,35.36,6614,76.98,5.0,26.0
96,A Symonds ,Australia,1998,2009,198,161,33,5088,156,39.75,5504,92.44,6.0,30.0
97,Abdul Razzaq ,Asia,1996,2011,265,228,57,5080,112,29.7,6252,81.25,3.0,23.0
98,BKG Mendis ,Sri Lanka,2016,2026,156,152,13,4962,143,35.69,5653,87.77,6.0,36.0
99,CL Cairns ,ICC,1991,2006,215,193,25,4950,115,29.46,5874,84.26,4.0,26.0
100,Aamer Sohail ,Pakistan,1990,2000,156,155,5,4780,134,31.86,7297,65.5,5.0,31.0
101,CD McMillan ,New Zealand,1997,2007,197,183,16,4707,117,28.18,6198,75.94,3.0,28.0
102,MD Crowe ,New Zealand,1982,1995,143,140,18,4704,107,38.55,6476,72.63,4.0,34.0
103,MV Boucher ,Afr,1998,2011,295,221,57,4686,147,28.57,5528,84.76,1.0,26.0
104,AJ Stewart ,England,1989,2003,170,162,14,4677,116,31.6,6841,68.36,4.0,28.0
105,DA Miller ,South Africa,2010,2025,178,154,45,4611,139,42.3,4447,103.68,7.0,24.0
106,TWM Latham ,New Zealand,2012,2026,166,153,19,4497,145,33.55,5290,85.0,8.0,26.0
107,SB Styris ,New Zealand,1999,2011,188,161,23,4483,141,32.48,5645,79.41,4.0,28.0
108,Sikandar Raza ,Zimbabwe,2013,2025,153,144,23,4476,141,36.99,5186,86.3,7.0,24.0
109,KP Pietersen ,England,2004,2013,136,125,16,4440,130,40.73,5128,86.58,9.0,25.0
110,NS Sidhu ,India,1987,1998,136,127,8,4413,134,37.08,6329,69.72,6.0,33.0
111,CZ Harris ,New Zealand,1990,2004,250,213,62,4379,130,29.0,6583,66.51,1.0,16.0
112,GR Marsh ,Australia,1986,1992,117,115,6,4357,126,39.97,7790,55.93,9.0,22.0
113,WTS Porterfield ,Ireland,2006,2022,148,145,3,4343,139,30.58,6298,68.95,11.0,20.0
114,E Chigumbura ,Afr,2004,2018,213,198,26,4340,117,25.23,5423,80.02,2.0,19.0
115,ME Trescothick ,England,2000,2006,123,122,6,4335,137,37.37,5087,85.21,12.0,21.0
116,GA Gooch ,England,1976,1995,125,122,6,4290,142,36.98,6932,61.88,8.0,23.0
117,JJ Roy ,England,2015,2023,116,110,3,4271,180,39.91,4047,105.53,12.0,21.0
118,AJ Strauss ,England,2003,2011,127,126,8,4205,158,35.63,5195,80.94,6.0,27.0
119,Rahmat Shah ,Afghanistan,2013,2026,128,123,6,4121,114,35.22,5773,71.38,5.0,33.0
120,K Srikkanth ,India,1981,1992,146,145,4,4091,123,29.01,5702,71.74,4.0,27.0
121,AJ Lamb ,England,1982,1992,122,118,16,4010,118,39.31,5308,75.54,4.0,26.0
122,GJ Maxwell ,Australia,2012,2025,149,136,18,3990,201,33.81,3149,126.7,4.0,23.0
123,RP Arnold ,Sri Lanka,1997,2007,180,155,43,3950,103,35.26,5443,72.57,1.0,28.0
124,AP Gurusinha ,Sri Lanka,1985,1996,147,143,5,3902,117,28.27,6409,60.88,2.0,22.0
125,JG Wright ,New Zealand,1978,1992,149,148,1,3891,101,26.46,6804,57.18,1.0,24.0
126,JM Bairstow ,England,2011,2023,107,98,8,3868,141,42.97,3758,102.92,11.0,17.0
127,Fakhar Zaman ,Pakistan,2017,2025,92,91,6,3861,210,45.42,4145,93.14,11.0,19.0
128,DJ Cullinan ,South Africa,1993,2000,138,133,16,3860,124,32.99,5492,70.28,3.0,23.0
129,LD Chandimal ,Sri Lanka,2010,2022,157,142,21,3854,111,31.85,5191,74.24,4.0,24.0
130,GA Hick ,England,1991,2001,120,118,15,3846,126,37.33,5191,74.08,5.0,27.0
131,Mohammad Nabi ,Afghanistan,2009,2026,178,156,18,3792,136,27.47,4308,88.02,2.0,18.0
132,HP Tillakaratne ,Sri Lanka,1986,2003,200,168,40,3789,104,29.6,6588,57.51,2.0,13.0
133,N Kapil Dev ,India,1978,1994,225,198,39,3783,175,23.79,3979,95.07,1.0,14.0
134,Wasim Akram ,Pakistan,1984,2003,356,280,55,3717,86,16.52,4208,88.33,0.0,6.0
135,RS Kaluwitharana ,Sri Lanka,1990,2004,189,181,14,3711,102,22.22,4776,77.7,2.0,23.0
136,Imran Khan ,Pakistan,1974,1992,175,151,40,3709,102,33.41,5105,72.65,1.0,19.0
137,RD Berrington ,Scotland,2008,2026,140,131,17,3693,127,32.39,4868,75.86,6.0,21.0
138,PV Simmons ,West Indies,1987,1999,143,138,11,3675,122,28.93,5407,67.96,5.0,18.0
139,NV Knight ,England,1996,2003,100,100,10,3637,125,40.41,5085,71.52,5.0,25.0
140,KJ O'Brien ,Ireland,2006,2021,153,141,18,3619,142,29.42,4076,88.78,2.0,18.0
141,CR Ervine ,Zimbabwe,2010,2025,128,124,15,3600,130,33.02,4696,76.66,4.0,23.0
142,L Klusener ,South Africa,1996,2004,171,137,50,3576,103,41.1,3977,89.91,2.0,19.0
143,SM Pollock ,Afr,1996,2008,303,205,72,3519,130,26.45,4059,86.69,1.0,14.0
144,MA Taylor ,Australia,1989,1997,113,110,1,3514,105,32.23,5908,59.47,1.0,28.0
145,DB Vengsarkar ,India,1976,1991,129,120,19,3508,105,34.73,5179,67.73,1.0,23.0
146,Mohammad Ashraful ,Asia,2001,2013,177,169,13,3468,109,22.23,4947,70.1,3.0,20.0
147,BA Stokes ,England,2011,2023,114,99,15,3463,182,41.22,3619,95.68,5.0,24.0
148,SO Tikolo ,Afr,1996,2014,135,130,12,3428,111,29.05,4524,75.77,3.0,24.0
149,HH Dippenaar ,Afr,1999,2007,107,95,14,3421,125,42.23,5047,67.78,4.0,26.0
150,KL Rahul ,India,2016,2026,96,88,21,3399,112,50.73,3735,91.0,8.0,20.0
151,A Flintoff ,England,1999,2009,141,122,16,3394,123,32.01,3821,88.82,3.0,18.0
152,T Taibu ,Afr,2001,2012,150,137,21,3393,107,29.25,5020,67.58,2.0,22.0
153,KC Wessels ,Australia,1983,1994,109,105,7,3367,107,34.35,6088,55.3,1.0,26.0
154,AC Parore ,New Zealand,1992,2002,179,161,32,3314,108,25.68,4867,68.09,1.0,14.0
155,Moin Khan ,Pakistan,1990,2004,219,183,41,3266,72,23.0,4017,81.3,0.0,12.0
156,A Balbirnie ,Ireland,2010,2025,117,110,8,3264,145,32.0,4396,74.24,9.0,17.0
157,MDKJ Perera ,Sri Lanka,2013,2023,116,111,5,3237,135,30.53,3485,92.88,6.0,17.0
158,Kamran Akmal ,Pakistan,2002,2017,157,138,14,3236,124,26.09,3855,83.94,5.0,10.0
159,AN Cook ,England,2006,2014,92,92,4,3204,137,36.4,4154,77.13,5.0,19.0
160,HDRL Thirimanne ,Sri Lanka,2010,2019,127,106,14,3194,139,34.71,4419,72.27,4.0,21.0
161,Umar Akmal ,Pakistan,2009,2019,121,110,17,3194,102,34.34,3712,86.04,2.0,20.0
162,KJ Coetzer ,Scotland,2008,2023,89,87,5,3192,156,38.92,3875,82.37,5.0,21.0
163,Shubman Gill ,India,2019,2026,64,63,9,3191,208,59.09,3158,101.04,9.0,18.0
164,DI Gower ,England,1978,1991,114,111,8,3170,158,30.77,4218,75.15,7.0,12.0
165,Imam-ul-Haq ,Pakistan,2017,2025,75,74,7,3152,151,47.04,3846,81.95,9.0,20.0
166,KR Rutherford ,New Zealand,1985,1995,121,115,9,3143,108,29.65,4888,64.3,2.0,18.0
167,BJ Haddin ,Australia,2001,2015,126,115,16,3122,110,31.53,3706,84.24,2.0,16.0
168,DM Bravo ,West Indies,2009,2022,122,117,14,3109,124,30.18,4434,70.11,4.0,18.0
169,RJ Shastri ,India,1981,1992,150,128,21,3108,109,29.04,5089,61.07,4.0,18.0
170,MR Marsh ,Australia,2011,2025,99,95,12,3098,177,37.32,3276,94.56,4.0,20.0
171,SM Gavaskar ,India,1974,1987,108,102,14,3092,103,35.13,4966,62.26,1.0,27.0
172,DS Lehmann ,Australia,1996,2005,117,101,22,3078,119,38.96,3784,81.34,4.0,17.0
173,GJ Bailey ,Australia,2012,2016,90,85,10,3044,156,40.58,3645,83.51,3.0,22.0
174,SS Iyer ,India,2017,2026,79,73,7,3035,128,45.98,3078,98.6,5.0,23.0
175,CS MacLeod ,Scotland,2008,2022,88,86,7,3026,175,38.3,3756,80.56,10.0,13.0
176,TM Head ,Australia,2016,2025,79,76,7,3007,154,43.57,2844,105.73,7.0,17.0
177,P Nissanka ,Sri Lanka,2021,2026,79,78,5,2999,210,41.08,3366,89.09,7.0,19.0
178,V Sibanda ,Afr,2003,2016,127,126,4,2994,116,24.54,4716,63.48,2.0,21.0
179,Mohammad Rizwan ,Pakistan,2015,2026,103,94,21,2979,131,40.8,3519,84.65,4.0,19.0
180,DJ Bravo ,West Indies,2004,2014,164,141,24,2968,112,25.36,3606,82.3,2.0,10.0
181,AM Rahane ,India,2011,2018,90,87,3,2962,111,35.26,3767,78.63,3.0,24.0
182,HH Streak ,Afr,1993,2005,189,159,55,2943,79,28.29,4008,73.42,0.0,13.0
183,RA Jadeja ,India,2009,2026,210,142,52,2905,87,32.27,3396,85.54,0.0,13.0
184,WW Hinds ,West Indies,1999,2010,119,111,10,2880,127,28.51,4393,65.55,5.0,14.0
185,Litton Das ,Bangladesh,2015,2026,104,103,10,2869,176,30.84,3355,85.51,5.0,14.0
186,IJL Trott ,England,2009,2013,68,65,10,2819,137,51.25,3658,77.06,4.0,22.0
187,AL Logie ,West Indies,1981,1993,158,133,36,2809,109,28.95,3801,73.9,1.0,14.0
188,AH Jones ,New Zealand,1987,1995,87,87,9,2784,93,35.69,4811,57.86,0.0,25.0
189,KIC Asalanka ,Sri Lanka,2021,2026,85,76,10,2779,127,42.1,3065,90.66,5.0,17.0
190,HG Munsey ,Scotland,2017,2026,77,75,10,2777,191,42.72,3080,90.16,3.0,19.0
191,SE Marsh ,Australia,2008,2019,73,72,4,2773,151,40.77,3406,81.41,7.0,15.0
192,M Kaif ,India,2002,2006,125,110,24,2753,111,32.01,3822,72.03,2.0,17.0
193,SV Carlisle ,Zimbabwe,1995,2005,111,107,8,2740,121,27.67,4325,63.35,3.0,9.0
194,Mohammad Shahzad ,Afghanistan,2009,2019,84,84,3,2727,131,33.66,3082,88.48,6.0,14.0
195,Salman Butt ,Pakistan,2004,2010,78,78,4,2725,136,36.82,3572,76.28,8.0,14.0
196,RG Twose ,New Zealand,1995,2001,87,81,11,2717,103,38.81,3603,75.4,1.0,20.0
197,AK Markram ,South Africa,2017,2025,86,82,9,2708,175,37.09,2766,97.9,4.0,14.0
198,KA Pollard ,West Indies,2007,2022,123,113,9,2706,119,26.01,2866,94.41,3.0,13.0
199,GJ Whittall ,Zimbabwe,1993,2003,147,142,22,2705,83,22.54,4011,67.43,0.0,11.0
200,RS Bopara ,England,2007,2015,120,109,21,2695,101,30.62,3462,77.84,1.0,14.0
201,DJ Mitchell ,New Zealand,2021,2026,59,54,8,2690,137,58.47,2810,95.72,9.0,12.0
202,HE van der Dussen ,South Africa,2019,2025,71,65,12,2657,134,50.13,3053,87.02,6.0,17.0
203,Mudassar Nazar ,Pakistan,1977,1989,122,115,10,2653,95,25.26,5130,51.71,0.0,16.0
204,EC Joyce ,England,2006,2018,78,77,8,2622,160,38.0,3630,72.23,6.0,15.0
205,Hashmatullah Shahidi ,Afghanistan,2013,2026,96,94,16,2607,102,33.42,3845,67.8,1.0,22.0
206,Ahmed Shehzad ,Pakistan,2009,2017,81,81,1,2605,124,32.56,3614,72.08,6.0,14.0
207,NJ O'Brien ,Ireland,2006,2018,103,101,9,2581,109,28.05,3638,70.94,1.0,18.0
208,Zaheer Abbas ,Pakistan,1974,1985,62,60,6,2572,123,47.62,3033,84.8,7.0,13.0
209,AC Hudson ,South Africa,1991,1997,89,88,1,2559,161,29.41,3960,64.62,2.0,18.0
210,VG Kambli ,India,1991,2000,104,97,21,2477,106,32.59,3443,71.94,2.0,14.0
211,CJ Chibhabha ,Zimbabwe,2005,2023,109,109,2,2474,99,23.12,3913,63.22,0.0,16.0
212,Imrul Kayes ,Bangladesh,2008,2018,78,78,2,2434,144,32.02,3423,71.1,4.0,16.0
213,JDP Oram ,New Zealand,2001,2012,160,116,15,2434,101,24.09,2810,86.61,1.0,13.0
214,Asghar Afghan ,Afghanistan,2009,2021,114,108,10,2424,101,24.73,3630,66.77,1.0,12.0
215,TM Odoyo ,Afr,1996,2014,136,119,16,2420,111,23.49,3438,70.38,1.0,8.0
216,AD Hales ,England,2014,2019,70,67,3,2419,171,37.79,2527,95.72,6.0,14.0
217,RA Smith ,England,1988,1996,71,70,8,2419,167,39.01,3473,69.65,4.0,15.0
218,L Vincent ,New Zealand,2001,2007,102,99,10,2413,172,27.11,3453,69.88,3.0,11.0
219,Soumya Sarkar ,Bangladesh,2014,2026,83,78,4,2408,169,32.54,2551,94.39,3.0,14.0
220,GP Thorpe ,England,1993,2002,82,77,13,2380,89,37.18,3344,71.17,0.0,21.0
221,MD Patel ,United States,2019,2026,75,74,4,2377,130,33.95,2937,80.93,3.0,18.0
222,MM Ali ,England,2014,2023,138,112,15,2355,128,24.27,2399,98.16,3.0,6.0
223,AT Carey ,Australia,2018,2026,91,83,13,2351,106,33.58,2628,89.45,1.0,13.0
224,MH Cross ,Scotland,2014,2026,117,102,3,2350,114,23.73,3258,72.13,2.0,12.0
225,VVS Laxman ,India,1998,2006,86,83,7,2338,131,30.76,3282,71.23,6.0,10.0
226,NLTC Perera ,Sri Lanka,2009,2021,166,133,16,2338,140,19.98,2086,112.08,1.0,10.0
227,HM Nicholls ,New Zealand,2015,2026,87,85,16,2337,124,33.86,2926,79.87,1.0,17.0
228,RR Singh ,India,1989,2001,136,113,23,2336,100,25.95,3144,74.3,1.0,9.0
229,N Hussain ,England,1989,2003,88,87,10,2332,115,30.28,3481,66.99,1.0,16.0
230,GS Chappell ,Australia,1971,1983,74,72,14,2331,138,40.18,3079,75.7,3.0,14.0
231,Sarfaraz Ahmed ,Pakistan,2007,2021,117,91,22,2315,105,33.55,2635,87.85,2.0,11.0
232,SL Campbell ,West Indies,1994,2001,90,87,0,2283,105,26.24,3853,59.25,2.0,14.0
233,E Lewis ,West Indies,2016,2025,70,67,5,2279,176,36.75,2645,86.16,5.0,12.0
234,MG Erasmus ,Namibia,2019,2026,67,66,5,2268,125,37.18,2924,77.56,2.0,18.0
235,DL Vettori ,ICC,1997,2015,295,187,57,2253,83,17.33,2715,82.98,0.0,4.0
236,JO Holder ,West Indies,2013,2023,138,114,24,2237,99,24.85,2479,90.23,0.0,12.0
237,S Matsikenyeri ,Zimbabwe,2002,2015,113,110,9,2224,90,22.01,3072,72.39,0.0,13.0
238,GM Wood ,Australia,1978,1989,83,77,11,2219,114,33.62,3725,59.57,3.0,11.0
239,MP O'Dowd ,Netherlands,2019,2026,68,67,4,2217,158,35.19,2985,74.27,1.0,16.0
240,RK Paudel ,Nepal,2018,2026,84,79,6,2212,126,30.3,2968,74.52,2.0,12.0
241,MJ Greatbatch ,New Zealand,1988,1996,84,83,5,2206,111,28.28,3099,71.18,2.0,13.0
242,JC Adams ,West Indies,1992,2001,127,105,28,2204,82,28.62,3614,60.98,0.0,14.0
243,Shahriar Nafees ,Bangladesh,2005,2011,75,75,5,2201,123,31.44,3167,69.49,4.0,13.0
244,D Ramdin ,West Indies,2005,2016,139,110,22,2200,169,25.0,2738,80.35,2.0,8.0
245,Habibul Bashar ,Bangladesh,1995,2007,111,105,5,2168,78,21.68,3586,60.45,0.0,14.0
246,SA Edwards ,Netherlands,2018,2026,72,66,9,2166,86,38.0,2481,87.3,0.0,21.0
247,H Klaasen ,South Africa,2018,2025,60,56,7,2141,174,43.69,1829,117.05,4.0,11.0
248,IT Botham ,England,1976,1992,116,106,15,2113,79,23.21,2671,79.1,0.0,9.0
249,MW Gatting ,England,1977,1993,92,88,17,2095,115,29.5,2968,70.58,1.0,9.0
250,NH Fairbrother ,England,1987,1999,75,71,18,2092,113,39.47,2903,72.06,1.0,16.0
251,RL Powell ,West Indies,1999,2005,109,100,16,2085,124,24.82,2157,96.66,1.0,8.0
252,CL White ,Australia,2005,2018,91,77,16,2072,105,33.96,2586,80.12,2.0,11.0
253,GC Wilson ,Ireland,2007,2019,105,99,12,2072,113,23.81,2880,71.94,1.0,12.0
254,Najibullah Zadran ,Afghanistan,2012,2023,92,84,13,2060,104,29.01,2312,89.1,1.0,15.0
255,Najmul Hossain Shanto ,Bangladesh,2018,2026,67,66,4,2046,122,33.0,2639,77.52,4.0,12.0
256,CO Obuya ,Kenya,2001,2014,104,89,9,2044,98,25.55,2981,68.56,0.0,11.0
257,Rahmanullah Gurbaz ,Afghanistan,2021,2026,55,55,1,2036,151,37.7,2255,90.28,9.0,7.0
258,T Bavuma ,South Africa,2016,2025,55,53,5,2035,144,42.39,2320,87.71,5.0,8.0
259,Yasir Hameed ,Pakistan,2003,2007,56,56,1,2028,127,36.87,3029,66.95,3.0,12.0
260,WPUJC Vaas ,Asia,1994,2008,322,220,72,2025,50,13.68,2796,72.42,0.0,1.0
261,KO Otieno ,Kenya,1996,2009,90,87,1,2016,144,23.44,3561,56.61,2.0,12.0
262,A Vala ,Papua New Guinea,2014,2023,66,66,1,2003,104,30.81,2892,69.26,1.0,12.0
263,SV Manjrekar ,India,1988,1996,74,70,10,1994,105,33.23,3101,64.3,1.0,15.0
264,HT Tector ,Ireland,2020,2025,54,49,6,1992,140,46.32,2393,83.24,5.0,14.0
265,Jatinder Singh ,Oman,2019,2026,68,67,2,1991,130,30.63,2580,77.17,5.0,10.0
266,N Pooran ,West Indies,2019,2023,61,58,8,1983,118,39.66,2000,99.15,3.0,11.0
267,MP Vaughan ,England,2001,2007,86,83,10,1982,90,27.15,2898,68.39,0.0,16.0
268,M Labuschagne ,Australia,2020,2026,72,64,5,1980,124,33.55,2428,81.54,2.0,13.0
269,CH Lloyd ,West Indies,1973,1985,87,69,19,1977,102,39.54,2434,81.22,1.0,11.0
270,GD Elliott ,New Zealand,2008,2016,83,69,11,1976,115,34.06,2416,81.78,2.0,11.0
271,KJ Hughes ,Australia,1977,1985,97,88,6,1968,98,24.0,2919,67.42,0.0,17.0
272,A Bagai ,Canada,2003,2013,62,60,8,1964,137,37.76,2995,65.57,2.0,16.0
273,LMP Simmons ,West Indies,2006,2015,68,65,3,1958,122,31.58,2680,73.05,2.0,16.0
274,Aftab Ahmed ,Bangladesh,2004,2010,85,85,6,1954,92,24.73,2353,83.04,0.0,14.0
275,Aasif Sheikh ,Nepal,2021,2026,70,70,5,1948,110,29.96,2516,77.42,1.0,15.0
276,PJL Dujon ,West Indies,1981,1991,169,120,36,1945,82,23.15,2881,67.51,0.0,6.0
277,M Amarnath ,India,1975,1989,85,75,12,1924,102,30.53,3334,57.7,2.0,13.0
278,DM de Silva ,Sri Lanka,2016,2026,93,85,10,1924,93,25.65,2469,77.92,0.0,10.0
279,KLT Arthurton ,West Indies,1988,1999,105,93,20,1904,84,26.08,2822,67.46,0.0,9.0
280,HH Pandya ,India,2016,2025,94,68,10,1904,92,32.82,1717,110.89,0.0,11.0
281,Ibrahim Zadran ,Afghanistan,2019,2026,42,42,3,1902,177,48.76,2322,81.91,6.0,9.0
282,Imran Nazir ,Pakistan,1999,2009,79,79,2,1895,160,24.61,2339,81.01,2.0,9.0
283,Mohsin Khan ,Pakistan,1977,1986,75,75,5,1877,117,26.81,3373,55.64,2.0,8.0
284,JV Coney ,New Zealand,1979,1987,88,80,19,1874,66,30.72,2885,64.95,0.0,8.0
285,WA Young ,New Zealand,2021,2026,58,58,5,1874,120,35.35,2203,85.06,4.0,11.0
286,DJG Sammy ,West Indies,2004,2015,126,105,30,1871,89,24.94,1870,100.05,0.0,9.0
287,MS Wade ,Australia,2012,2021,97,83,12,1867,100,26.29,2288,81.59,1.0,11.0
288,V Aravind ,United Arab Emirates,2019,2025,63,63,3,1865,115,31.08,2731,68.29,2.0,9.0
289,RD Jacobs ,West Indies,1996,2004,147,112,32,1865,80,23.31,2662,70.06,0.0,9.0
290,M Prabhakar ,India,1984,1996,130,98,21,1858,106,24.12,3083,60.26,2.0,11.0
291,Mehidy Hasan Miraz ,Bangladesh,2017,2026,122,91,14,1852,112,24.05,2443,75.8,2.0,7.0
292,Azhar Ali ,Pakistan,2011,2018,53,53,3,1845,102,36.9,2478,74.45,3.0,12.0
293,OA Shah ,England,2001,2009,71,66,6,1834,107,30.56,2331,78.67,1.0,12.0
294,MW Goodwin ,Zimbabwe,1998,2000,71,70,3,1818,112,27.13,2654,68.5,2.0,8.0
295,Khaled Mashud ,Bangladesh,1995,2006,126,110,27,1818,71,21.9,3315,54.84,0.0,7.0
296,BA Edgar ,New Zealand,1978,1986,64,64,5,1814,102,30.74,3685,49.22,1.0,10.0
297,Samiullah Shinwari ,Afghanistan,2009,2019,84,74,12,1811,96,29.2,2765,65.49,0.0,11.0
298,DJ Hussey ,Australia,2008,2013,69,61,6,1796,111,32.65,1980,90.7,1.0,14.0
299,MA Atherton ,England,1990,1998,54,54,3,1791,127,35.11,3054,58.64,2.0,12.0
300,Mashrafe Mortaza ,Asia,2001,2020,220,158,28,1787,51,13.74,2041,87.55,0.0,1.0
301,IA Healy ,Australia,1988,1997,168,120,36,1764,56,21.0,2104,83.84,0.0,4.0
302,KD Karthik ,India,2004,2019,94,79,21,1752,79,30.2,2392,73.24,0.0,9.0
303,Sir RJ Hadlee ,New Zealand,1973,1990,115,98,17,1751,79,21.61,2319,75.5,0.0,4.0
304,Haris Sohail ,Pakistan,2013,2023,45,44,5,1749,130,44.84,2046,85.48,2.0,14.0
305,Muhammad Waseem ,United Arab Emirates,2022,2026,69,69,0,1745,119,25.28,2000,87.25,1.0,9.0
306,Imran Farhat ,Pakistan,2001,2013,58,58,2,1719,107,30.69,2489,69.06,1.0,13.0
307,CB Wishart ,Zimbabwe,1996,2005,90,82,8,1719,172,23.22,2436,70.56,2.0,5.0
308,Rashid Latif ,Pakistan,1992,2003,166,117,29,1709,79,19.42,2237,76.39,0.0,3.0
309,DA Gunawardene ,Sri Lanka,1998,2006,61,61,1,1708,132,28.46,2389,71.49,1.0,12.0
310,AT Rayudu ,India,2013,2019,55,50,14,1694,124,47.05,2143,79.04,3.0,10.0
311,DP Conway ,New Zealand,2021,2026,43,42,3,1692,152,43.38,1926,87.85,5.0,6.0
312,ND McKenzie ,South Africa,2000,2009,64,55,10,1688,131,37.51,2432,69.4,2.0,10.0
313,NC Johnson ,Zimbabwe,1998,2000,48,48,2,1679,132,36.5,2389,70.28,4.0,11.0
314,BA Young ,New Zealand,1990,1999,74,73,5,1668,74,24.52,2733,61.03,0.0,9.0
315,Aaron Jones ,United States,2019,2025,52,52,3,1664,123,33.95,2329,71.44,1.0,11.0
316,K Bhurtel ,Nepal,2021,2026,70,69,2,1656,120,24.71,2015,82.18,2.0,9.0
317,UDU Chandana ,Sri Lanka,1994,2007,147,111,17,1627,89,17.3,2229,72.99,0.0,5.0
318,DS Airee ,Nepal,2018,2026,76,71,7,1625,105,25.39,2047,79.38,2.0,9.0
319,CK Kapugedera ,Sri Lanka,2006,2017,102,84,7,1624,95,21.09,2254,72.04,0.0,8.0
320,MA Leask ,Scotland,2014,2026,98,77,15,1624,107,26.19,1434,113.24,1.0,8.0
321,KU Carty ,West Indies,2022,2026,48,44,5,1620,170,41.53,2107,76.88,4.0,5.0
322,Towhid Hridoy ,Bangladesh,2023,2026,53,48,7,1613,100,39.34,2023,79.73,1.0,13.0
323,N Dickwella ,Sri Lanka,2014,2022,55,52,1,1604,116,31.45,1717,93.41,2.0,9.0
324,MD Gunathilaka ,Sri Lanka,2015,2022,47,46,1,1601,133,35.57,1844,86.82,2.0,11.0
325,GM Turner ,New Zealand,1973,1983,41,40,6,1598,171,47.0,2348,68.05,3.0,9.0
326,WIA Fernando ,Sri Lanka,2016,2025,51,50,0,1589,127,31.78,1787,88.91,4.0,9.0
327,LPC Silva ,Sri Lanka,1999,2011,75,62,7,1587,107,28.85,2254,70.4,1.0,13.0
328,SC Williams ,West Indies,1994,1999,57,55,6,1586,105,32.36,2402,66.02,1.0,12.0
329,MJ Santner ,New Zealand,2015,2025,124,92,33,1580,67,26.77,1689,93.54,0.0,3.0
330,Saleem Elahi ,Pakistan,1995,2004,48,47,4,1579,135,36.72,2214,71.31,4.0,9.0
331,RL Dias ,Sri Lanka,1979,1987,58,55,5,1573,121,31.46,2315,67.94,2.0,11.0
332,Salman Agha ,Pakistan,2022,2026,53,45,8,1566,134,42.32,1637,95.66,3.0,9.0
333,DR Smith ,West Indies,2004,2015,105,89,5,1560,97,18.57,1683,92.69,0.0,8.0
334,UT Khawaja ,Australia,2013,2019,40,39,2,1554,104,42.0,1848,84.09,2.0,12.0
335,IK Pathan ,India,2004,2012,120,87,21,1544,83,23.39,1941,79.54,0.0,5.0
336,SO Hetmyer ,West Indies,2017,2025,57,52,3,1543,139,31.48,1464,105.39,5.0,4.0
337,SR Mukkamalla ,United States,2022,2026,44,43,5,1543,137,40.6,1882,81.98,4.0,8.0
338,RN ten Doeschate ,Netherlands,2006,2011,33,32,9,1541,119,67.0,1757,87.7,5.0,9.0
339,J Charles ,West Indies,2012,2023,58,58,0,1537,130,26.5,1803,85.24,2.0,7.0
340,DL Houghton ,Zimbabwe,1983,1997,63,60,2,1530,142,26.37,2155,70.99,1.0,12.0
341,BA King ,West Indies,2019,2025,58,58,2,1530,112,27.32,1841,83.1,3.0,8.0
342,LRD Mendis ,Sri Lanka,1975,1989,79,74,9,1527,80,23.49,2034,75.07,0.0,7.0
343,CR Woakes ,England,2011,2023,122,88,24,1524,95,23.81,1710,89.12,0.0,6.0
344,Azhar Mahmood ,Pakistan,1996,2007,143,110,26,1521,67,18.1,1988,76.5,0.0,3.0
345,RS Morton ,West Indies,2002,2010,56,51,6,1519,110,33.75,2289,66.36,2.0,10.0
346,JJ Crowe ,New Zealand,1983,1990,75,71,12,1518,88,25.72,2456,61.8,0.0,7.0
347,Aarif Sheikh ,Nepal,2018,2026,73,63,8,1517,84,27.58,2281,66.5,0.0,9.0
348,JM Kemp ,Afr,2001,2007,85,66,18,1512,100,31.5,1819,83.12,1.0,10.0
349,RD Shah ,Kenya,1998,2007,56,55,1,1506,113,27.88,2298,65.53,1.0,12.0
350,Rohan Mustafa ,United Arab Emirates,2014,2023,81,75,5,1504,109,21.48,2366,63.56,1.0,7.0
351,MA Ouma ,Kenya,2004,2014,80,77,5,1501,61,20.84,2525,59.44,0.0,7.0
352,JDS Neesham ,New Zealand,2013,2023,76,65,12,1495,97,28.2,1496,99.93,0.0,7.0
353,MP Stoinis ,Australia,2015,2024,71,64,8,1495,146,26.69,1591,93.96,1.0,6.0
354,B McMullen ,Scotland,2022,2026,44,39,5,1491,151,43.85,1596,93.42,5.0,6.0
355,GH Dockrell ,Ireland,2010,2025,133,94,29,1459,91,22.44,1791,81.46,0.0,6.0
356,S Samarawickrama ,Sri Lanka,2017,2025,55,50,5,1456,108,32.35,1607,90.6,1.0,8.0
357,HJH Marshall ,New Zealand,2003,2007,66,62,9,1454,101,27.43,1990,73.06,1.0,12.0
358,DJ Malan ,England,2019,2023,30,30,4,1450,140,55.76,1488,97.44,6.0,7.0
359,DD Ebrahim ,Zimbabwe,2001,2005,82,76,6,1443,121,20.61,2540,56.81,1.0,4.0
360,R Ravindra ,New Zealand,2023,2025,39,35,1,1424,123,41.88,1324,107.55,5.0,6.0
361,Rashid Khan ,Afghanistan,2015,2026,120,92,16,1419,60,18.67,1360,104.33,0.0,5.0
362,Nasir Jamshed ,Pakistan,2008,2015,48,48,3,1418,112,31.51,1881,75.38,3.0,8.0
363,HA Gomes ,West Indies,1978,1987,83,64,15,1415,101,28.87,2578,54.88,1.0,6.0
364,N Boje ,Afr,1995,2005,115,71,18,1414,129,26.67,1594,88.7,2.0,4.0
365,MO Odumbe ,Kenya,1996,2003,61,59,5,1409,83,26.09,2014,69.96,0.0,11.0
366,P Utseya ,Zimbabwe,2004,2015,164,132,48,1406,68,16.73,2410,58.34,0.0,4.0
367,L Ronchi ,Australia,2008,2017,85,68,9,1397,170,23.67,1220,114.5,1.0,4.0
368,KM Jadhav ,India,2014,2020,73,52,19,1389,120,42.09,1367,101.6,2.0,6.0
369,GP Howarth ,New Zealand,1975,1985,70,65,5,1384,76,23.06,2301,60.14,0.0,6.0
370,TP Ura ,Papua New Guinea,2014,2023,61,61,1,1363,151,22.71,1758,77.53,1.0,6.0
371,JD Ryder ,New Zealand,2008,2014,48,42,1,1362,107,33.21,1429,95.31,3.0,6.0
372,BC Broad ,England,1987,1988,34,34,0,1361,106,40.02,2447,55.61,1.0,11.0
373,DO Obuya ,Kenya,2001,2012,74,73,3,1355,93,19.35,2135,63.46,0.0,6.0
374,HC Brook ,England,2023,2026,38,38,4,1354,136,39.82,1286,105.28,3.0,6.0
375,Anamul Haque ,Bangladesh,2012,2024,49,46,0,1352,120,29.39,1808,74.77,3.0,5.0
376,W Barresi ,Netherlands,2010,2025,55,54,5,1352,137,27.59,1775,76.16,1.0,8.0
377,BM Duckett ,England,2016,2026,34,34,1,1345,165,40.75,1355,99.26,3.0,9.0
378,Asad Shafiq ,Pakistan,2010,2017,60,58,4,1336,84,24.74,1979,67.5,0.0,9.0
379,PG Fulton ,New Zealand,2004,2009,49,46,5,1334,112,32.53,1833,72.77,1.0,8.0
380,Sabbir Rahman ,Bangladesh,2014,2019,66,59,7,1333,102,25.63,1461,91.23,1.0,6.0
381,Gulbadin Naib ,Afghanistan,2011,2025,89,78,11,1332,82,19.88,1767,75.38,0.0,5.0
382,KMDN Kulasekara ,Sri Lanka,2003,2017,184,123,37,1327,73,15.43,1629,81.46,0.0,4.0
383,JR Hopes ,Australia,2005,2010,84,61,8,1326,63,25.01,1415,93.71,0.0,3.0
384,SM Katich ,Australia,2001,2006,45,42,5,1324,107,35.78,1926,68.74,1.0,9.0
385,TLW Cooper ,Netherlands,2010,2023,32,31,2,1319,101,45.48,1814,72.71,1.0,12.0
386,M van Lingen ,Namibia,2021,2024,40,39,5,1318,133,38.76,1429,92.23,5.0,5.0
387,FDM Karunaratne ,Sri Lanka,2011,2023,50,46,4,1316,103,31.33,1654,79.56,1.0,11.0
388,Javed Omar ,Bangladesh,1995,2007,59,59,4,1312,85,23.85,2528,51.89,0.0,10.0
389,Raqibul Hasan ,Bangladesh,2008,2011,55,54,7,1308,89,27.82,2133,61.32,0.0,8.0
390,AA Obanda ,Kenya,2007,2014,49,45,2,1306,96,30.37,1764,74.03,0.0,9.0
391,MS Sinclair ,New Zealand,2000,2009,54,50,4,1304,118,28.34,2086,62.51,2.0,8.0
392,Vikramjit Singh ,Netherlands,2022,2025,46,45,1,1304,110,29.63,1820,71.64,1.0,8.0
393,MD Shanaka ,Sri Lanka,2016,2024,71,63,5,1299,108,22.39,1420,91.47,2.0,4.0
394,PN Kirsten ,South Africa,1991,1994,40,40,6,1293,97,38.02,2308,56.02,0.0,9.0
395,BFW de Leede ,Netherlands,2018,2026,57,52,6,1282,123,27.86,1831,70.01,1.0,6.0
396,MJ Prior ,England,2004,2011,68,62,9,1282,87,24.18,1670,76.76,0.0,3.0
397,Nasir Hossain ,Bangladesh,2011,2018,65,52,8,1281,100,29.11,1605,79.81,1.0,6.0
398,Zeeshan Maqsood ,Oman,2019,2024,48,47,5,1273,109,30.3,1891,67.31,2.0,7.0
399,NR Mongia ,India,1994,2000,140,96,33,1272,69,20.19,1845,68.94,0.0,2.0
400,C Munro ,New Zealand,2013,2019,57,53,2,1271,87,24.92,1214,104.69,0.0,8.0
401,Asif Khan ,United Arab Emirates,2022,2025,38,37,4,1270,151,38.48,1569,80.94,3.0,7.0
402,JEC Franklin ,New Zealand,2001,2013,110,80,27,1270,98,23.96,1651,76.92,0.0,4.0
403,AB Agarkar ,India,1998,2007,191,113,26,1269,95,14.58,1574,80.62,0.0,3.0
404,Shoaib Mohammad ,Pakistan,1984,1993,63,58,6,1269,126,24.4,2492,50.92,1.0,8.0
405,Basit Ali ,Pakistan,1993,1996,50,43,6,1265,127,34.18,1669,75.79,1.0,9.0
406,SR Taylor ,United States,2019,2024,49,49,0,1265,114,25.81,1606,78.76,1.0,7.0
407,GD Phillips ,New Zealand,2022,2026,47,39,9,1262,106,42.06,1223,103.18,2.0,5.0
408,MN Waller ,Zimbabwe,2009,2018,79,72,6,1259,99,19.07,1639,76.81,0.0,5.0
409,SP O'Donnell ,Australia,1985,1991,87,64,15,1242,74,25.34,1534,80.96,0.0,9.0
410,RR Rossouw ,South Africa,2014,2016,36,35,3,1239,132,38.71,1313,94.36,3.0,7.0
411,Harbhajan Singh ,Asia,1998,2015,236,128,35,1237,49,13.3,1526,81.06,0.0,0.0
412,SG Law ,Australia,1994,1999,54,51,5,1237,110,26.89,1643,75.28,1.0,7.0
413,Alok Kapali ,Bangladesh,2002,2011,69,66,3,1235,115,19.6,1817,67.96,1.0,5.0
414,Aqib Ilyas ,Oman,2019,2024,32,30,2,1234,109,44.07,1645,75.01,2.0,9.0
415,GM Hamilton ,Scotland,1999,2010,38,38,3,1231,119,35.17,1847,66.64,2.0,7.0
416,D Mongia ,India,2001,2007,57,51,7,1230,159,27.95,1721,71.47,1.0,4.0
417,RW Marsh ,Australia,1971,1984,92,76,15,1225,66,20.08,1489,82.26,0.0,4.0
418,HDPK Dharmasena ,Sri Lanka,1994,2004,141,87,33,1222,69,22.62,1879,65.03,0.0,4.0
419,Shaiman Anwar ,United Arab Emirates,2014,2019,40,40,1,1219,106,31.25,1477,82.53,1.0,11.0
420,Noor Ali Zadran ,Afghanistan,2009,2019,51,50,1,1216,114,24.81,1923,63.23,1.0,7.0
421,Milind Kumar ,United States,2024,2026,29,27,8,1214,155,63.89,1240,97.9,4.0,7.0
422,TM Moody ,Australia,1987,1999,76,64,12,1211,89,23.28,1747,69.31,0.0,10.0
423,Junaid Siddique ,Bangladesh,2007,2011,54,53,1,1196,100,23.0,1753,68.22,1.0,6.0
424,RL Chase ,West Indies,2017,2026,71,55,9,1191,94,25.89,1526,78.04,0.0,6.0
425,Mohammad Rafique ,Asia,1995,2007,125,106,17,1191,77,13.38,1663,71.61,0.0,2.0
426,RW Chakabva ,Zimbabwe,2008,2022,61,57,3,1188,102,22.0,1751,67.84,1.0,4.0
427,B Lee ,Australia,2000,2012,221,110,44,1176,59,17.81,1407,83.58,0.0,3.0
428,JA Rudolph ,Afr,2003,2006,45,39,6,1174,81,35.57,1725,68.05,0.0,7.0
429,Azmatullah Omarzai ,Afghanistan,2021,2026,44,36,9,1169,149,43.29,1194,97.9,1.0,9.0
430,JJ Smit ,Namibia,2019,2026,56,52,7,1144,94,25.42,1482,77.19,0.0,3.0
431,PW Hasaranga ,Sri Lanka,2017,2026,71,58,9,1142,80,23.3,1039,109.91,0.0,5.0
432,Nawroz Mangal ,Afghanistan,2009,2016,49,48,6,1139,129,27.11,1512,75.33,2.0,4.0
433,CJA Amini ,Papua New Guinea,2014,2023,49,49,1,1128,109,23.5,1674,67.38,1.0,7.0
434,T Mishra ,Kenya,2006,2013,42,40,7,1128,72,34.18,1534,73.53,0.0,8.0
435,PL Mommsen ,Scotland,2010,2017,44,42,6,1115,139,30.97,1615,69.04,2.0,6.0
436,C Campher ,Ireland,2020,2025,43,35,2,1113,120,33.72,1409,78.99,1.0,7.0
437,JN Loftie-Eaton ,Namibia,2021,2025,51,47,7,1113,73,27.82,1460,76.23,0.0,7.0
438,MF Maharoof ,Sri Lanka,2004,2016,109,75,18,1113,69,19.52,1294,86.01,0.0,2.0
439,CJ Anderson ,New Zealand,2013,2017,49,45,5,1109,131,27.72,1020,108.72,1.0,4.0
440,HS Modi ,Kenya,1996,2006,63,56,9,1109,78,23.59,1906,58.18,0.0,5.0
441,ES Szwarczynski ,Netherlands,2006,2014,41,40,3,1102,98,29.78,1615,68.23,0.0,10.0
442,ZE Green ,Namibia,2019,2026,55,48,4,1098,75,24.95,1419,77.37,0.0,4.0
443,VS Solanki ,England,2000,2006,51,46,5,1097,106,26.75,1504,72.93,2.0,5.0
444,B Zuiderent ,Netherlands,1996,2011,57,56,10,1097,77,23.84,1873,58.56,0.0,8.0
445,Ishan Kishan ,India,2021,2026,30,26,2,1092,210,45.5,1014,107.69,2.0,7.0
446,PA Strang ,Zimbabwe,1994,2001,95,73,24,1090,47,22.24,1651,66.02,0.0,0.0
447,S Bau ,Papua New Guinea,2016,2023,57,57,3,1089,81,20.16,1763,61.76,0.0,5.0
448,G Boycott ,England,1971,1981,36,34,4,1082,105,36.06,2020,53.56,1.0,9.0
449,JN Frylinck ,Namibia,2019,2026,52,48,6,1079,114,25.69,1434,75.24,1.0,7.0
450,F Behardien ,South Africa,2013,2018,59,49,14,1074,70,30.68,1097,97.9,0.0,6.0
451,Ayaan Khan ,Oman,2021,2024,41,38,2,1072,105,29.77,1427,75.12,1.0,5.0
452,NL McCullum ,New Zealand,2009,2015,84,62,11,1070,65,20.98,1220,87.7,0.0,4.0
453,Asif Mujtaba ,Pakistan,1986,1996,66,55,14,1068,113,26.04,1671,63.91,1.0,6.0
454,DW Randall ,England,1976,1985,49,45,5,1067,88,26.67,1702,62.69,0.0,5.0
455,DS Smith ,West Indies,2003,2013,47,45,2,1059,107,24.62,1506,70.31,1.0,5.0
456,JK Kamande ,Kenya,1999,2011,86,72,11,1055,74,17.29,1685,62.61,0.0,3.0
457,IDS Smith ,New Zealand,1980,1992,98,77,16,1055,62,17.29,1061,99.43,0.0,3.0
458,C Kieswetter ,England,2010,2013,46,40,5,1054,107,30.11,1172,89.93,1.0,5.0
459,LJ Tucker ,Ireland,2019,2025,58,48,6,1054,85,25.09,1258,83.78,0.0,5.0
460,Basil Hameed ,United Arab Emirates,2019,2024,48,45,2,1051,71,24.44,1423,73.85,0.0,5.0
461,Javed Ahmadi ,Afghanistan,2010,2021,47,44,0,1049,81,23.84,1380,76.01,0.0,7.0
462,KH Prajapati ,Oman,2021,2024,37,36,0,1048,103,29.11,1404,74.64,2.0,6.0
463,KD Mills ,New Zealand,2001,2015,170,101,34,1047,54,15.62,1282,81.66,0.0,2.0
464,JM How ,New Zealand,2005,2011,41,37,1,1046,139,29.05,1572,66.53,1.0,7.0
465,J Liyanage ,Sri Lanka,2024,2026,36,30,7,1034,101,44.95,1188,87.03,1.0,7.0
466,AD Russell ,West Indies,2011,2019,56,47,9,1034,92,27.21,794,130.22,0.0,4.0
467,JP Faulkner ,Australia,2013,2017,69,52,22,1032,116,34.4,990,104.24,1.0,4.0
468,B Sharki ,Nepal,2022,2026,39,36,3,1023,101,31.0,1521,67.25,1.0,4.0
469,DSBP Kuruppu ,Sri Lanka,1983,1990,54,52,1,1022,72,20.03,1978,51.66,0.0,4.0
470,AG Prince ,Afr,2002,2007,52,41,12,1018,89,35.1,1502,67.77,0.0,3.0
471,SK Warne ,Australia,1993,2005,194,107,29,1018,55,13.05,1413,72.04,0.0,1.0
472,Muhammad Usman ,United Arab Emirates,2016,2022,38,37,5,1008,102,31.5,1312,76.82,1.0,4.0
473,SM Patil ,India,1980,1986,45,42,1,1005,84,24.51,1223,82.17,0.0,9.0
474,KOA Powell ,West Indies,2009,2018,46,44,0,1005,83,22.84,1278,78.63,0.0,9.0
475,Rajin Saleh ,Bangladesh,2003,2006,43,43,1,1005,108,23.92,1833,54.82,1.0,6.0
476,PW Borren ,Netherlands,2006,2014,58,50,5,1004,96,22.31,1176,85.37,0.0,5.0
477,NFI McCallum ,Scotland,2006,2011,43,42,6,1002,121,27.83,1451,69.05,2.0,4.0
478,Pargat Singh ,Canada,2023,2026,32,30,1,1002,102,34.55,1318,76.02,1.0,7.0
479,Khaled Mahmud ,Bangladesh,1998,2006,77,72,3,991,50,14.36,1461,67.83,0.0,1.0
480,PD Salt ,England,2021,2025,33,31,0,988,122,31.87,861,114.75,1.0,5.0
481,BL Cairns ,New Zealand,1974,1985,78,65,6,987,60,16.72,941,104.88,0.0,2.0
482,MJ Slater ,Australia,1993,1997,42,42,1,987,73,24.07,1634,60.4,0.0,9.0
483,Imad Wasim ,Pakistan,2015,2020,55,40,17,986,63,42.86,894,110.29,0.0,5.0
484,G Singh ,United States,2021,2023,32,32,5,986,101,36.51,1178,83.7,1.0,6.0
485,MJ Horne ,New Zealand,1997,2002,50,48,0,980,74,20.41,1515,64.68,0.0,5.0
486,R Powell ,West Indies,2016,2023,51,48,3,979,101,21.75,1153,84.9,1.0,2.0
487,Akram Khan ,Bangladesh,1988,2003,44,44,2,976,65,23.23,1721,56.71,0.0,5.0
488,Naeem Islam ,Bangladesh,2008,2014,59,51,15,975,84,27.08,1473,66.19,0.0,5.0
489,RR Hendricks ,South Africa,2018,2024,38,38,2,974,102,27.05,1264,77.05,1.0,7.0
490,DF Watts ,Scotland,2006,2011,36,35,1,974,101,28.64,1559,62.47,1.0,9.0
491,AU Rashid ,England,2009,2026,161,87,29,971,69,16.74,1039,93.45,0.0,1.0
492,JP Inglis ,Australia,2022,2026,39,35,3,969,120,30.28,962,100.72,1.0,6.0
493,Waqar Younis ,Pakistan,1989,2003,262,139,45,969,37,10.3,1445,67.05,0.0,0.0
494,Fawad Alam ,Pakistan,2007,2015,38,36,12,966,114,40.25,1297,74.47,1.0,6.0
495,SA Thomson ,New Zealand,1990,1996,56,52,10,964,83,22.95,1427,67.55,0.0,5.0
496,JF Mooney ,Ireland,2006,2015,64,55,14,963,96,23.48,1215,79.25,0.0,3.0
497,GM Ritchie ,Australia,1982,1987,44,42,7,959,84,27.4,1479,64.84,0.0,6.0
498,JN Malan ,South Africa,2020,2022,23,22,2,958,177,47.9,1150,83.3,3.0,4.0
499,MG Bracewell ,New Zealand,2022,2026,43,37,11,956,140,36.76,874,109.38,2.0,3.0
500,RR Watson ,Scotland,2006,2010,35,35,4,956,123,30.83,1286,74.33,1.0,6.0
501,MD Marshall ,West Indies,1980,1992,136,83,19,955,66,14.92,1246,76.64,0.0,2.0
502,SF Mire ,Zimbabwe,2014,2019,47,47,0,955,112,20.31,1190,80.25,1.0,3.0
503,Shadab Khan ,Pakistan,2017,2026,73,46,12,955,86,28.08,1143,83.55,0.0,5.0
504,MG Johnson ,Australia,2005,2015,153,91,32,951,73,16.11,987,96.35,0.0,2.0
505,RS Madugalle ,Sri Lanka,1979,1988,63,56,5,950,73,18.62,1574,60.35,0.0,3.0
506,CP Rizwan ,United Arab Emirates,2019,2024,42,40,6,948,109,27.88,1638,57.87,1.0,4.0
507,Chirag Suri ,United Arab Emirates,2018,2023,37,37,0,946,115,25.56,1506,62.81,2.0,5.0
508,C Green ,Australia,2020,2026,37,33,10,946,118,41.13,1134,83.42,1.0,4.0
509,NT Broom ,New Zealand,2009,2017,39,39,4,943,109,26.94,1161,81.22,1.0,5.0
510,RP Burl ,Zimbabwe,2017,2024,52,44,6,938,83,24.68,1179,79.55,0.0,6.0
511,A Kumble ,Asia,1990,2007,271,136,47,938,26,10.53,1536,61.06,0.0,0.0
512,Rameez Shahzad ,United Arab Emirates,2016,2023,26,26,3,936,121,40.69,1164,80.41,2.0,5.0
513,CM Spearman ,New Zealand,1995,2001,51,50,0,936,86,18.72,1202,77.87,0.0,5.0
514,RV Uthappa ,India,2006,2015,46,42,6,934,86,25.94,1031,90.59,0.0,6.0
515,MS Chapman ,HKG,2015,2025,32,28,4,932,132,38.83,876,106.39,3.0,4.0
516,LS Livingstone ,England,2021,2025,39,36,6,932,124,31.06,862,108.12,1.0,4.0
517,L Siaka ,Papua New Guinea,2014,2022,47,47,0,931,109,19.8,1238,75.2,1.0,2.0
518,AN Kervezee ,Netherlands,2006,2012,39,36,3,924,92,28.0,1263,73.15,0.0,4.0
519,AR McBrine ,Ireland,2014,2025,96,65,15,920,79,18.4,1287,71.48,0.0,2.0
520,S Dhaniram ,Canada,2006,2010,44,41,4,915,92,24.72,1126,81.26,0.0,6.0
521,AJ Hall ,South Africa,1999,2007,88,56,13,905,81,21.04,1206,75.04,0.0,3.0
522,SJ Modani ,United States,2021,2024,34,34,0,900,111,26.47,1425,63.15,1.0,6.0
523,MRJ Watt ,Scotland,2016,2026,89,61,21,895,66,22.37,1094,81.8,0.0,2.0
524,AT Nidamanuru ,Netherlands,2022,2025,41,37,4,893,111,27.06,976,91.49,2.0,4.0
525,H Thaker ,Canada,2023,2026,31,29,3,891,111,34.26,1335,66.74,2.0,4.0
526,TD Paine ,Australia,2009,2018,35,35,3,890,111,27.81,1257,70.8,1.0,5.0
527,JWA Taylor ,England,2011,2015,27,26,5,887,101,42.23,1107,80.12,1.0,7.0
528,SK Patel ,United States,2024,2026,27,27,2,885,152,35.4,1102,80.3,1.0,5.0
529,Tanzid Hasan ,Bangladesh,2023,2026,37,36,1,885,107,25.28,853,103.75,1.0,7.0
530,AL Phehlukwayo ,South Africa,2016,2024,85,57,19,883,69,23.23,1027,85.97,0.0,2.0
531,J Srinath ,India,1991,2003,229,121,38,883,53,10.63,1109,79.62,0.0,1.0
532,Yashpal Sharma ,India,1978,1985,42,40,9,883,89,28.48,1401,63.02,0.0,4.0
533,Gulsan Jha ,Nepal,2021,2026,47,39,9,877,67,29.23,1063,82.5,0.0,5.0
534,G Malla ,Nepal,2018,2023,37,37,1,876,75,24.33,1318,66.46,0.0,7.0
535,TT Bresnan ,England,2006,2015,85,64,20,871,80,19.79,965,90.25,0.0,1.0
536,RR Pant ,India,2018,2024,31,27,1,871,125,33.5,820,106.21,1.0,5.0
537,SHT Kandamby ,Sri Lanka,2004,2014,39,36,6,870,93,29.0,1250,69.6,0.0,5.0
538,AC Voges ,Australia,2007,2013,31,28,9,870,112,45.78,998,87.17,1.0,4.0
539,Shayan Jahangir ,United States,2022,2026,36,33,5,869,104,31.03,946,91.86,2.0,3.0
540,DJ Richardson ,South Africa,1991,1998,122,77,33,868,53,19.72,1298,66.87,0.0,1.0
541,MA Vermeulen ,Zimbabwe,2000,2009,43,43,4,868,92,22.25,1227,70.74,0.0,6.0
542,HK Badani ,India,2000,2004,40,36,10,867,100,33.34,1180,73.47,1.0,4.0
543,GO Jones ,England,2004,2014,51,43,8,862,80,24.62,1117,77.17,0.0,4.0
544,Mohammad Nadeem ,Oman,2019,2025,42,36,15,862,76,41.04,1348,63.94,0.0,6.0
545,TT Samaraweera ,Sri Lanka,1998,2011,53,42,11,862,105,27.8,1244,69.29,2.0,0.0
546,SB Smith ,Australia,1983,1985,28,24,2,861,117,39.13,1319,65.27,2.0,8.0
547,DL Amiss ,England,1972,1977,18,18,0,859,137,47.72,1185,72.48,4.0,1.0
548,AR Patel ,India,2014,2025,71,49,12,858,64,23.18,935,91.76,0.0,3.0
549,RA Harper ,West Indies,1983,1996,105,73,20,855,45,16.13,1162,73.58,0.0,0.0
550,WB Phillips ,Australia,1982,1986,48,41,6,852,75,24.34,994,85.71,0.0,6.0
551,CWJ Athey ,England,1980,1988,31,30,3,848,142,31.4,1495,56.72,2.0,4.0
552,RS Kalpage ,Sri Lanka,1992,1999,86,69,28,844,51,20.58,1320,63.93,0.0,1.0
553,MAR Samarasekera ,Sri Lanka,1983,1994,39,39,2,844,76,22.81,1207,69.92,0.0,4.0
554,D Ganga ,West Indies,1999,2006,35,34,1,843,71,25.54,1414,59.61,0.0,9.0
555,CA Ingram ,South Africa,2010,2013,31,29,3,843,124,32.42,1024,82.32,3.0,3.0
556,Shoaib Khan ,Oman,2021,2024,31,31,4,843,105,31.22,1006,83.79,1.0,7.0
557,SSJ Brooks ,West Indies,2022,2023,29,29,1,842,101,30.07,1114,75.58,1.0,4.0
558,BM McMillan ,South Africa,1991,1998,78,52,16,841,127,23.36,1147,73.32,1.0,0.0
559,N Vanua ,Papua New Guinea,2014,2023,57,53,4,837,60,17.08,1028,81.42,0.0,2.0
560,CK Coventry ,Zimbabwe,2003,2015,39,35,1,831,194,24.44,937,88.68,1.0,3.0
561,Anshuman Rath ,HKG,2014,2018,18,18,2,828,143,51.75,1080,76.66,1.0,7.0
562,PJ Moor ,Zimbabwe,2014,2019,49,45,5,827,58,20.67,1225,67.51,0.0,4.0
563,DW Hookes ,Australia,1977,1986,39,36,2,826,76,24.29,1146,72.07,0.0,5.0
564,PJ Hughes ,Australia,2013,2014,25,24,1,826,138,35.91,1100,75.09,2.0,4.0
565,AI Kallicharran ,West Indies,1973,1981,31,28,4,826,78,34.41,1329,62.15,0.0,6.0
566,JR Ratnayeke ,Sri Lanka,1982,1990,78,69,14,824,50,14.98,1571,52.45,0.0,1.0
567,GN Yallop ,Australia,1978,1984,30,27,6,823,66,39.19,1288,63.89,0.0,7.0
568,AC Waller ,Zimbabwe,1987,1997,39,38,3,818,83,23.37,1172,69.79,0.0,4.0
569,Kushal Malla ,Nepal,2020,2025,40,36,3,813,108,24.63,908,89.53,1.0,4.0
570,Sharjeel Khan ,Pakistan,2013,2017,25,25,0,812,152,32.48,716,113.4,1.0,6.0
571,YK Pathan ,India,2008,2012,57,41,11,810,123,27.0,713,113.6,2.0,3.0
572,JM Davison ,Canada,2003,2011,32,32,2,799,111,26.63,767,104.17,1.0,5.0
573,Sompal Kami ,Nepal,2018,2026,72,55,16,798,67,20.46,1034,77.17,0.0,3.0
574,Aminul Islam ,Bangladesh,1988,2002,39,39,5,794,70,23.35,1403,56.59,0.0,3.0
575,Z Khan ,Asia,2000,2012,200,101,35,792,34,12.0,1078,73.46,0.0,0.0
576,Mosaddek Hossain ,Bangladesh,2016,2026,46,38,12,791,86,30.42,901,87.79,0.0,5.0
577,GB Hogg ,Australia,1996,2008,123,65,26,790,71,20.25,1005,78.6,0.0,2.0
578,Majid Khan ,Pakistan,1973,1982,23,22,1,786,109,37.42,1052,74.71,1.0,7.0
579,S Wettimuny ,Sri Lanka,1982,1987,35,33,1,786,86,24.56,1636,48.04,0.0,4.0
580,Babar Hayat ,HKG,2014,2018,22,22,2,784,89,39.2,999,78.47,0.0,8.0
581,R Lamba ,India,1986,1989,32,31,2,783,102,27.0,1166,67.15,1.0,6.0
582,IH Romaine ,BER,2006,2009,35,34,3,783,101,25.25,1222,64.07,1.0,4.0
583,W Madhevere ,Zimbabwe,2020,2025,40,37,0,782,72,21.13,1012,77.27,0.0,6.0
584,JA Morkel ,Afr,2004,2012,58,43,10,782,97,23.69,780,100.25,0.0,2.0
585,Wasim Raja ,Pakistan,1973,1985,54,45,10,782,60,22.34,1168,66.95,0.0,2.0
586,Sohaib Maqsood ,Pakistan,2013,2021,29,28,2,781,89,30.03,935,83.52,0.0,5.0
587,Abdur Razzak ,Bangladesh,2004,2014,153,97,39,779,53,13.43,1020,76.37,0.0,1.0
588,AR White ,Ireland,2006,2014,61,46,3,776,79,18.04,1235,62.83,0.0,1.0
589,SA Yadav ,India,2021,2023,37,35,5,773,72,25.76,736,105.02,0.0,4.0
590,Saleem Yousuf ,Pakistan,1982,1990,86,62,19,768,62,17.86,1024,75.0,0.0,4.0
591,CN Evans ,Zimbabwe,1992,2002,53,47,5,764,96,18.19,1006,75.94,0.0,2.0
592,Rizwan Cheema ,Canada,2008,2013,33,32,1,764,94,24.64,685,111.53,0.0,6.0
593,KWR Fletcher ,England,1971,1982,24,22,3,757,131,39.84,1134,66.75,1.0,5.0
594,J Dyson ,Australia,1980,1983,29,27,4,755,79,32.82,1553,48.61,0.0,4.0
595,Saim Ayub ,Pakistan,2024,2025,17,17,1,751,113,46.93,751,100.0,3.0,3.0
596,CA Soper ,Papua New Guinea,2016,2023,56,54,16,751,46,19.76,1315,57.11,0.0,0.0
597,SE Rutherford ,West Indies,2023,2026,24,21,3,748,113,41.55,749,99.86,1.0,7.0
598,AR Cusack ,Ireland,2007,2015,59,47,14,745,71,22.57,1159,64.27,0.0,2.0
599,AG Cremer ,Zimbabwe,2009,2018,96,71,20,744,58,14.58,1196,62.2,0.0,1.0
600,G Fowler ,England,1983,1986,26,26,2,744,81,31.0,1321,56.32,0.0,4.0
601,DT Johnston ,Ireland,2006,2013,67,53,15,743,45,19.55,785,94.64,0.0,0.0
602,C de Grandhomme ,New Zealand,2012,2022,45,35,7,742,74,26.5,699,106.15,0.0,4.0
603,Manzoor Elahi ,Pakistan,1984,1995,54,46,13,741,50,22.45,827,89.6,0.0,1.0
604,AM Samad ,Canada,2003,2009,27,27,2,740,130,29.6,1045,70.81,1.0,2.0
605,TG Southee ,New Zealand,2008,2023,161,96,35,740,55,12.13,771,95.97,0.0,1.0
606,Wahab Riaz ,Pakistan,2008,2020,91,66,15,740,54,14.5,849,87.16,0.0,3.0
607,Abdullah Shafique ,Pakistan,2022,2025,27,27,2,737,113,29.48,944,78.07,1.0,6.0
608,PA Patel ,India,2003,2012,38,34,3,736,95,23.74,962,76.5,0.0,4.0
609,MW Machan ,Scotland,2013,2016,23,22,0,734,114,33.36,952,77.1,1.0,3.0
610,CJ Nevin ,New Zealand,2000,2003,37,36,0,732,74,20.33,1000,73.2,0.0,4.0
611,K Doriga ,Papua New Guinea,2017,2023,39,38,2,730,89,20.27,1197,60.98,0.0,4.0
612,CJ Tavare ,England,1980,1984,29,28,2,720,83,27.69,1471,48.94,0.0,4.0
613,MA Ealham ,England,1996,2001,64,45,4,716,45,17.46,1092,65.56,0.0,0.0
614,IJ Harvey ,Australia,1997,2004,73,51,11,715,48,17.87,811,88.16,0.0,0.0
615,Mohammad Mithun ,Bangladesh,2014,2021,34,30,4,714,73,27.46,921,77.52,0.0,6.0
616,Afif Hossain ,Bangladesh,2020,2026,38,33,7,713,93,27.42,825,86.42,0.0,3.0
617,Saqlain Mushtaq ,Pakistan,1995,2003,169,98,38,711,37,11.85,1434,49.58,0.0,0.0
618,R Ashwin ,India,2010,2023,116,63,20,707,65,16.44,813,86.96,0.0,1.0
619,LJ Wright ,England,2007,2014,50,39,4,707,52,20.2,820,86.21,0.0,2.0
620,MP Breetzke ,South Africa,2025,2025,12,12,1,706,150,64.18,730,96.71,1.0,6.0
621,T de Zorzi ,South Africa,2023,2025,22,21,2,705,119,37.1,715,98.6,1.0,2.0
622,J Mubarak ,Sri Lanka,2002,2013,40,37,6,704,72,22.7,1115,63.13,0.0,4.0
623,SW Billings ,England,2015,2022,28,23,2,702,118,33.42,771,91.05,1.0,5.0
624,PA Wallace ,West Indies,1991,2000,33,33,0,701,103,21.24,1151,60.9,1.0,2.0
625,SM Ervine ,Zimbabwe,2001,2004,42,34,7,698,100,25.85,816,85.53,1.0,2.0
626,PL Symcox ,South Africa,1993,1999,80,54,13,694,61,16.92,830,83.61,0.0,3.0
627,PAJ DeFreitas ,England,1987,1997,103,66,23,690,67,16.04,823,83.83,0.0,1.0
628,NR Kirton ,Canada,2023,2026,30,27,3,687,73,28.62,903,76.07,0.0,6.0
629,N Deonarine ,West Indies,2005,2015,31,29,3,682,65,26.23,989,68.95,0.0,4.0
630,JR Murray ,West Indies,1992,1999,55,36,6,678,86,22.6,929,72.98,0.0,5.0
631,A Sharma ,United Arab Emirates,2023,2026,26,26,0,676,105,26.0,858,78.78,1.0,4.0
632,Nizakat Khan ,HKG,2014,2018,20,20,0,675,94,33.75,814,82.92,0.0,3.0
633,M Muralidaran ,Asia,1993,2011,350,162,63,674,33,6.8,869,77.56,0.0,0.0
634,IM Chappell ,Australia,1971,1980,16,16,2,673,86,48.07,874,77.0,0.0,8.0
635,DA Marillier ,Zimbabwe,2000,2003,48,41,4,672,100,18.16,949,70.81,1.0,3.0
636,UC Hathurusingha ,Sri Lanka,1992,1999,35,33,1,669,66,20.9,1318,50.75,0.0,4.0
637,Karan KC ,Nepal,2018,2026,69,51,10,669,65,16.31,734,91.14,0.0,1.0
638,AC Botha ,Ireland,2006,2011,42,38,4,666,56,19.58,970,68.65,0.0,2.0
639,CJ Ferguson ,Australia,2009,2011,30,25,9,663,71,41.43,777,85.32,0.0,5.0
640,DJ Willey ,England,2015,2023,73,46,19,663,51,24.55,693,95.67,0.0,2.0
641,KR Mayers ,West Indies,2021,2023,28,26,0,660,120,25.38,775,85.16,2.0,2.0
642,LE Plunkett ,England,2005,2019,89,50,19,646,56,20.83,629,102.7,0.0,1.0
643,S Ramesh ,India,1999,1999,24,24,1,646,82,28.08,1092,59.15,0.0,6.0
644,Hammad Mirza ,Oman,2024,2026,18,18,2,643,112,40.18,846,76.0,1.0,4.0
645,SM Curran ,England,2018,2026,41,31,3,642,95,22.92,724,88.67,0.0,2.0
646,Qasim Umar ,Pakistan,1983,1987,31,31,3,642,69,22.92,1125,57.06,0.0,4.0
647,Abdul Qadir ,Pakistan,1983,1993,104,68,26,641,41,15.26,849,75.5,0.0,0.0
648,DL Hemp ,BER,2006,2009,22,22,3,641,102,33.73,912,70.28,1.0,4.0
649,CEL Ambrose ,West Indies,1988,2000,176,96,36,639,31,10.65,985,64.87,0.0,0.0
650,BMAJ Mendis ,Sri Lanka,2010,2019,58,44,10,636,72,18.7,769,82.7,0.0,1.0
651,JF Reid ,New Zealand,1980,1986,25,24,1,633,88,27.52,1084,58.39,0.0,4.0
652,DLS van Bunge ,Netherlands,2002,2013,37,31,1,633,80,21.1,953,66.42,0.0,3.0
653,PSP Handscomb ,Australia,2017,2019,22,20,1,632,117,33.26,649,97.38,1.0,4.0
654,JN Mohammed ,West Indies,2011,2021,36,31,2,630,91,21.72,941,66.95,0.0,4.0
655,RMH Binny ,India,1980,1987,72,49,10,629,57,16.12,1046,60.13,0.0,1.0
656,WG Jacks ,England,2023,2026,23,21,2,629,94,33.1,603,104.31,0.0,4.0
657,GR Larsen ,New Zealand,1990,1999,121,70,27,629,37,14.62,970,64.84,0.0,0.0
658,AM Blignaut ,Zimbabwe,1999,2010,54,41,8,626,63,18.96,589,106.28,0.0,5.0
659,Khawar Ali ,Oman,2019,2022,34,29,6,626,79,27.21,1058,59.16,0.0,4.0
660,DJ Nash ,New Zealand,1992,2002,81,53,13,624,42,15.6,940,66.38,0.0,0.0
661,DN Patel ,New Zealand,1987,1997,75,63,10,623,71,11.75,868,71.77,0.0,1.0
662,RR Patel ,Kenya,2008,2014,39,35,4,621,92,20.03,978,63.49,0.0,2.0
663,SM Sharif ,Scotland,2011,2026,94,60,28,621,40,19.4,821,75.63,0.0,0.0
664,GRJ Matthews ,Australia,1984,1993,59,50,13,619,54,16.72,911,67.94,0.0,1.0
665,R Mutumbami ,Zimbabwe,2014,2020,36,34,2,618,74,19.31,847,72.96,0.0,3.0
666,WV Raman ,India,1988,1996,27,27,1,617,114,23.73,1109,55.63,1.0,3.0
667,GJ Rennie ,Zimbabwe,1996,2003,40,37,6,617,76,19.9,928,66.48,0.0,2.0
668,JM Vince ,England,2015,2023,25,22,0,616,102,28.0,703,87.62,1.0,3.0
669,Iftikhar Ahmed ,Pakistan,2015,2023,28,24,8,614,109,38.37,576,106.59,1.0,1.0
670,SFAF Bacchus ,West Indies,1978,1983,29,26,3,612,80,26.6,928,65.94,0.0,3.0
671,RJ Ratnayake ,Sri Lanka,1982,1993,70,55,18,612,33,16.54,705,86.8,0.0,0.0
672,J Botha ,Afr,2005,2012,78,50,18,609,46,19.03,710,85.77,0.0,0.0
673,D Gough ,England,1994,2006,159,87,38,609,46,12.42,947,64.3,0.0,0.0
674,AJ Hollioake ,England,1996,1999,35,30,6,606,83,25.25,807,75.09,0.0,3.0
675,JG Bethell ,England,2024,2026,21,19,1,603,110,33.5,652,92.48,1.0,5.0
676,RIC Holder ,West Indies,1993,1997,37,31,6,599,65,23.96,876,68.37,0.0,2.0
677,RT Robinson ,England,1984,1988,26,26,0,597,83,22.96,1026,58.18,0.0,3.0
678,XM Marshall ,United States,2005,2020,37,37,3,596,157,17.52,902,66.07,1.0,1.0
679,Aayan Afzal Khan ,United Arab Emirates,2022,2025,38,34,8,595,94,22.88,818,72.73,0.0,3.0
680,BM Laird ,Australia,1979,1982,23,23,3,594,117,29.7,1105,53.75,1.0,2.0
681,Mansoor Akhtar ,Pakistan,1980,1990,41,35,1,593,47,17.44,1148,51.65,0.0,0.0
682,Simi Singh ,Ireland,2017,2022,35,30,4,593,100,22.8,815,72.76,1.0,1.0
683,W Larkins ,England,1979,1991,25,24,0,591,124,24.62,1047,56.44,1.0,0.0
684,LOB Cann ,BER,2006,2009,26,25,3,590,52,26.81,504,117.06,0.0,1.0
685,RJ Nicol ,New Zealand,2011,2013,22,21,2,586,146,30.84,776,75.51,2.0,2.0
686,SB Joshi ,India,1996,2001,69,45,11,584,61,17.17,653,89.43,0.0,1.0
687,JP Kotze ,Namibia,2019,2025,26,26,1,584,136,23.36,781,74.77,1.0,1.0
688,Sandeep Goud ,Oman,2019,2024,39,30,7,584,67,25.39,800,73.0,0.0,3.0
689,RT Latham ,New Zealand,1990,1994,33,33,4,583,60,20.1,1008,57.83,0.0,1.0
690,MA Starc ,Australia,2010,2025,130,77,27,583,52,11.66,756,77.11,0.0,1.0
691,FH Allen ,New Zealand,2022,2023,22,21,0,582,96,27.71,624,93.26,0.0,5.0
692,Khurram Khan ,United Arab Emirates,2004,2015,16,16,2,582,132,41.57,725,80.27,1.0,3.0
693,L Louwrens ,Namibia,2022,2024,26,25,0,582,57,23.28,991,58.72,0.0,3.0
694,JL Carter ,West Indies,2015,2019,33,28,3,581,54,23.24,822,70.68,0.0,3.0
695,DAS Gunaratne ,Sri Lanka,2016,2019,31,25,4,575,114,27.38,724,79.41,1.0,1.0
696,BJ Hodge ,Australia,2005,2007,25,21,2,575,123,30.26,657,87.51,1.0,3.0
697,MJR Rindel ,South Africa,1994,1999,22,22,1,575,106,27.38,860,66.86,1.0,2.0
698,WD Parnell ,South Africa,2009,2023,73,43,15,574,56,20.5,723,79.39,0.0,1.0
699,Tushar Imran ,Bangladesh,2001,2007,41,40,0,574,65,14.35,970,59.17,0.0,2.0
700,CD Wallace ,Scotland,2012,2022,32,28,1,574,58,21.25,630,91.11,0.0,4.0
701,BJ Watling ,New Zealand,2010,2018,28,25,2,573,96,24.91,838,68.37,0.0,5.0
702,C White ,England,1994,2003,51,41,5,568,57,15.77,928,61.2,0.0,1.0
703,SL Malinga ,Sri Lanka,2004,2019,226,119,36,567,56,6.83,761,74.5,0.0,1.0
704,RM Haq ,Scotland,2006,2015,54,40,6,566,71,16.64,931,60.79,0.0,3.0
705,MK Pandey ,India,2015,2021,29,24,7,566,104,33.29,625,90.56,1.0,2.0
706,KS More ,India,1984,1993,94,65,22,563,42,13.09,808,69.67,0.0,0.0
707,CR Brathwaite ,West Indies,2011,2019,44,37,3,559,101,16.44,614,91.04,1.0,1.0
708,Mominul Haque ,Bangladesh,2012,2018,28,26,1,557,60,22.28,749,74.36,0.0,3.0
709,Aamer Malik ,Pakistan,1988,1994,24,23,1,556,90,25.27,989,56.21,0.0,5.0
710,S Movva ,Canada,2024,2026,27,24,8,556,83,34.75,838,66.34,0.0,4.0
711,RJ Peterson ,South Africa,2002,2014,79,41,14,556,68,20.59,688,80.81,0.0,1.0
712,M Jansen ,South Africa,2022,2025,32,27,5,553,75,25.13,492,112.39,0.0,2.0
713,B Kumar ,India,2012,2022,121,55,16,552,53,14.15,747,73.89,0.0,1.0
714,GS Blewett ,Australia,1995,1999,32,30,3,551,57,20.4,889,61.97,0.0,2.0
715,TJ Friend ,Zimbabwe,2000,2004,51,39,5,548,91,16.11,724,75.69,0.0,3.0
716,T Duffin ,Zimbabwe,2006,2007,23,23,0,546,88,23.73,993,54.98,0.0,3.0
717,R Trumpelmann ,Namibia,2021,2026,52,43,8,545,55,15.57,654,83.33,0.0,2.0
718,Mohammad Wasim ,Pakistan,1996,2000,25,25,2,543,76,23.6,1043,52.06,0.0,3.0
719,AP Kuiper ,South Africa,1991,1996,25,23,7,539,63,33.68,662,81.41,0.0,3.0
720,PHKD Mendis ,Sri Lanka,2019,2026,29,27,6,539,64,25.66,674,79.97,0.0,3.0
721,Mohammad Nawaz ,3),2016,2025,44,33,8,538,59,21.52,601,89.51,0.0,2.0
722,P Willey ,England,1977,1986,26,24,1,538,64,23.39,855,62.92,0.0,5.0
723,PJ Cummins ,Australia,2011,2024,90,59,22,537,37,14.51,703,76.38,0.0,0.0
724,MC Snedden ,New Zealand,1980,1990,93,54,19,535,64,15.28,843,63.46,0.0,1.0
725,K Verreynne ,South Africa,2020,2025,19,16,2,533,95,38.07,588,90.64,0.0,5.0
726,Athar Ali Khan ,Bangladesh,1988,1998,19,19,1,532,82,29.55,945,56.29,0.0,3.0
727,IS Billcliff ,Canada,2003,2009,19,19,0,529,93,27.84,793,66.7,0.0,4.0
728,SCJ Broad ,England,2006,2016,121,68,25,529,45,12.3,709,74.61,0.0,0.0
729,NN Odhiambo ,Kenya,2006,2014,69,53,9,528,66,12.0,737,71.64,0.0,1.0
730,SJ Myburgh ,Netherlands,2011,2022,22,22,2,527,74,26.35,662,79.6,0.0,4.0
731,Naved-ul-Hasan ,Pakistan,2003,2010,74,51,18,524,33,15.87,620,84.51,0.0,0.0
732,Amjad Ali ,United Arab Emirates,2008,2015,17,17,0,520,98,30.58,680,76.47,0.0,3.0
733,LK Germon ,New Zealand,1994,1997,37,31,5,519,89,19.96,787,65.94,0.0,3.0
734,Mudassar Bukhari ,Netherlands,2007,2014,46,34,4,516,71,17.2,671,76.9,0.0,2.0
735,TAM Siriwardana ,Sri Lanka,2015,2019,27,24,1,516,66,22.43,525,98.28,0.0,3.0
736,KM Dabengwa ,Zimbabwe,2005,2010,37,34,7,514,45,19.03,851,60.39,0.0,0.0
737,PK Amre ,India,1991,1994,37,30,5,513,84,20.52,799,64.2,0.0,2.0
738,Dawlat Zadran ,Afghanistan,2011,2019,82,56,27,513,47,17.68,664,77.25,0.0,0.0
739,KD Walters ,Australia,1971,1981,28,24,6,513,59,28.5,732,70.08,0.0,2.0
740,JG Bracewell ,New Zealand,1983,1990,53,43,12,512,43,16.51,717,71.4,0.0,0.0
741,DP Viljoen ,Zimbabwe,1997,2001,53,43,7,512,63,14.22,827,61.91,0.0,2.0
742,JM Brearley ,England,1977,1980,25,24,3,510,78,24.28,1120,45.53,0.0,3.0
743,SV Samson ,India,2021,2023,16,14,5,510,108,56.66,512,99.6,1.0,3.0
744,AO Suji ,Kenya,1996,2008,60,46,7,506,67,12.97,977,51.79,0.0,1.0
745,CN Ackermann ,Netherlands,2021,2025,21,19,1,505,81,28.05,661,76.39,0.0,4.0
746,AN Petersen ,South Africa,2006,2013,21,19,1,504,80,28.0,610,82.62,0.0,4.0
747,Taufeeq Umar ,Pakistan,2001,2011,22,22,1,504,81,24.0,895,56.31,0.0,3.0
748,PR Reiffel ,Australia,1992,1999,92,57,21,503,58,13.97,709,70.94,0.0,1.0
749,AR Nurse ,West Indies,2016,2019,54,40,14,502,44,19.3,513,97.85,0.0,0.0
750,JE Emburey ,England,1980,1993,61,45,10,501,34,14.31,664,75.45,0.0,0.0
751,Ghulam Shabber ,United Arab Emirates,2017,2019,23,23,0,500,90,21.73,800,62.5,0.0,4.0
752,S Lamichhane ,Nepal,2018,2026,74,49,13,500,49,13.88,587,85.17,0.0,0.0
753,GP Swann ,England,2000,2013,79,48,12,500,34,13.88,553,90.41,0.0,0.0
754,JH Davey ,Scotland,2010,2025,33,29,6,498,64,21.65,745,66.84,0.0,2.0
755,NK Patel ,United States,2019,2023,41,36,8,496,52,17.71,728,68.13,0.0,1.0
756,JJ Tucker ,BER,2006,2009,26,26,1,496,52,19.84,726,68.31,0.0,1.0
757,DJ Callaghan ,South Africa,1992,2000,29,25,6,493,169,25.94,726,67.9,1.0,0.0
758,AS Joseph ,West Indies,2016,2026,83,47,16,489,49,15.77,640,76.4,0.0,0.0
759,C Tear ,Scotland,2024,2025,20,19,3,489,80,30.56,628,77.86,0.0,4.0
760,Naimur Rahman ,Bangladesh,1995,2002,29,27,2,488,47,19.52,771,63.29,0.0,0.0
761,CG Williams ,Namibia,2019,2022,18,18,2,488,129,30.5,650,75.07,1.0,1.0
762,JWM Dalrymple ,England,2006,2007,27,26,1,487,67,19.48,672,72.47,0.0,2.0
763,AC Cummins ,Canada,1991,2007,76,49,13,486,44,13.5,586,82.93,0.0,0.0
764,R McLaren ,South Africa,2009,2014,54,41,15,485,71,18.65,680,71.32,0.0,1.0
765,MRJ Veletta ,Australia,1987,1989,20,19,4,484,68,32.26,642,75.38,0.0,2.0
766,CS Baugh ,West Indies,2003,2012,47,35,11,482,49,20.08,719,67.03,0.0,0.0
767,AA Mulla ,Canada,2006,2009,24,24,0,482,58,20.08,595,81.0,0.0,1.0
768,SR Patel ,England,2008,2013,36,22,7,482,70,32.13,517,93.23,0.0,1.0
769,DJ Reekers ,Netherlands,2006,2009,19,19,0,481,104,25.31,411,117.03,1.0,0.0
770,LV van Beek ,Netherlands,2021,2026,35,33,10,481,59,20.91,601,80.03,0.0,1.0
771,TN de Grooth ,Netherlands,2006,2013,34,32,4,480,97,17.14,774,62.01,0.0,1.0
772,DA Minors ,BER,2006,2007,20,20,2,478,68,26.55,791,60.42,0.0,3.0
773,BG Rogers ,Zimbabwe,2002,2005,15,15,0,478,84,31.86,689,69.37,0.0,5.0
774,S Lee ,Australia,1995,2001,45,35,8,477,47,17.66,500,95.4,0.0,0.0
775,Karim Sadiq ,Afghanistan,2009,2016,24,22,2,475,114,23.75,587,80.91,2.0,0.0
776,JP Greaves ,West Indies,2022,2026,23,21,5,474,50,29.62,494,95.95,0.0,1.0
777,SW Ambris ,West Indies,2017,2021,16,15,2,473,148,36.38,494,95.74,1.0,2.0
778,CA Best ,West Indies,1986,1992,24,23,4,473,100,24.89,690,68.55,1.0,2.0
779,AJ Bichel ,Australia,1997,2004,67,36,13,471,64,20.47,600,78.5,0.0,1.0
780,MR Adair ,Ireland,2019,2025,54,39,13,469,32,18.03,452,103.76,0.0,0.0
781,H Patel ,Canada,2009,2013,23,23,1,468,62,21.27,584,80.13,0.0,2.0
782,CH Morris ,South Africa,2013,2019,42,27,4,467,62,20.3,465,100.43,0.0,1.0
783,ALF de Mel ,Sri Lanka,1982,1987,57,41,9,466,36,14.56,595,78.31,0.0,0.0
784,MW Short ,Australia,2023,2026,23,21,0,462,74,22.0,528,87.5,0.0,4.0
785,AO Malhotra ,India,1982,1986,20,19,4,457,65,30.46,645,70.85,0.0,1.0
786,Umar Gul ,Pakistan,2003,2016,130,65,18,457,39,9.72,642,71.18,0.0,0.0
787,NS Dhaliwal ,Canada,2024,2025,18,17,0,456,87,26.82,799,57.07,0.0,4.0
788,C Sharma ,India,1983,1994,65,35,16,456,101,24.0,504,90.47,1.0,0.0
789,GEF Barnett ,Canada,2006,2010,22,22,0,455,77,20.68,745,61.07,0.0,1.0
790,R Gunasekera ,Canada,2008,2014,19,19,0,455,72,23.94,677,67.2,0.0,6.0
791,R Shepherd ,West Indies,2019,2025,42,30,4,455,50,17.5,436,104.35,0.0,1.0
792,GS Ballance ,England,2013,2023,21,20,2,454,79,25.22,639,71.04,0.0,4.0
793,R Chopra ,United Arab Emirates,2024,2025,18,18,1,454,101,26.7,608,74.67,1.0,2.0
794,MD Dai ,Papua New Guinea,2014,2018,18,18,2,454,76,28.37,585,77.6,0.0,3.0
795,H Hiri ,Papua New Guinea,2016,2023,34,34,4,454,77,15.13,815,55.7,0.0,1.0
796,GSNFG Jayasuriya ,Sri Lanka,2015,2026,19,17,2,454,113,30.26,571,79.5,1.0,2.0
797,RD Rickelton ,South Africa,2023,2025,17,17,1,454,103,28.37,527,86.14,1.0,1.0
798,Minhajul Abedin ,Bangladesh,1986,1999,27,26,2,453,68,18.87,909,49.83,0.0,2.0
799,DN Wellalage ,Sri Lanka,2022,2026,34,27,6,453,67,21.57,538,84.2,0.0,1.0
800,C Karunaratne ,Sri Lanka,2021,2023,26,24,6,451,75,25.05,575,78.43,0.0,1.0
801,I Kaia ,Zimbabwe,2022,2023,19,19,1,450,110,25.0,695,64.74,1.0,2.0
802,Mehrab Hossain ,Bangladesh,1998,2003,18,18,0,449,101,24.94,763,58.84,1.0,2.0
803,JL Denly ,England,2009,2020,16,13,0,446,87,34.3,629,70.9,0.0,4.0
804,NP Kenjige ,United States,2019,2026,65,44,18,443,43,17.03,640,69.21,0.0,0.0
805,M Levitt ,Netherlands,2024,2025,17,17,0,443,57,26.05,528,83.9,0.0,1.0
806,TE Blain ,New Zealand,1986,1994,38,38,11,442,49,16.37,662,66.76,0.0,0.0
807,A Johnson ,Canada,2023,2026,21,20,0,442,65,22.1,445,99.32,0.0,3.0
808,SAR Silva ,Sri Lanka,1984,1985,20,20,0,441,85,22.05,838,52.62,0.0,3.0
809,GR Viswanath ,India,1974,1982,25,23,1,439,75,19.95,830,52.89,0.0,2.0
810,MB Kruger ,Namibia,2024,2026,22,21,0,438,80,20.85,646,67.8,0.0,2.0
811,JP Maher ,Australia,1998,2003,26,20,3,438,95,25.76,673,65.08,0.0,1.0
812,AH Omarshah ,Zimbabwe,1983,1996,28,28,2,437,60,16.8,860,50.81,0.0,1.0
813,PL Taylor ,Australia,1987,1992,83,47,25,437,54,19.86,583,74.95,0.0,1.0
814,Usman Ghani ,Afghanistan,2014,2022,17,17,0,435,118,25.58,578,75.25,1.0,2.0
815,DN Chudasama ,Kenya,1996,1999,20,19,0,434,122,22.84,685,63.35,1.0,1.0
816,A Sharafu ,United Arab Emirates,2021,2025,28,26,0,433,58,16.65,599,72.28,0.0,1.0
817,CJ McDermott ,Australia,1985,1996,138,78,17,432,37,7.08,492,87.8,0.0,0.0
818,CJO Smith ,Scotland,2006,2009,27,26,4,432,59,19.63,640,67.5,0.0,2.0
819,LM Jongwe ,Zimbabwe,2014,2024,43,36,5,430,46,13.87,513,83.82,0.0,0.0
820,Shafiqullah ,Afghanistan,2009,2018,24,21,2,430,56,22.63,408,105.39,0.0,2.0
821,JS Malhotra ,United States,2019,2022,18,18,4,429,173,30.64,461,93.05,1.0,1.0
822,DR Pringle ,England,1982,1993,44,30,12,425,49,23.61,616,68.99,0.0,0.0
823,MN van Wyk ,South Africa,2003,2015,17,17,1,425,82,26.56,617,68.88,0.0,4.0
824,AK Sharma ,India,1988,1993,31,27,6,424,59,20.19,469,90.4,0.0,3.0
825,RC Russell ,England,1987,1998,40,31,7,423,50,17.62,638,66.3,0.0,1.0
826,AS Hansra ,Canada,2010,2014,24,22,4,421,70,23.38,725,58.06,0.0,2.0
827,S Prasanna ,Sri Lanka,2011,2019,40,37,3,421,95,12.38,445,94.6,0.0,2.0
828,SMA Priyanjan ,Sri Lanka,2013,2015,23,20,2,420,74,23.33,522,80.45,0.0,2.0
829,AR Adams ,New Zealand,2001,2007,42,34,10,419,45,17.45,417,100.47,0.0,0.0
830,Sediqullah Atal ,Afghanistan,2024,2026,14,13,0,419,104,32.23,535,78.31,1.0,2.0
831,SR Waters ,Kenya,2008,2011,20,20,0,419,74,20.95,751,55.79,0.0,2.0
832,NRJ Croes ,Netherlands,2023,2026,24,21,2,416,50,21.89,531,78.34,0.0,1.0
833,CO Browne ,West Indies,1995,2005,46,32,8,415,46,17.29,590,70.33,0.0,0.0
834,Farhad Reza ,Bangladesh,2006,2011,34,31,6,412,50,16.48,636,64.77,0.0,1.0
835,Faheem Ashraf ,Pakistan,2017,2026,45,31,3,410,73,14.64,479,85.59,0.0,1.0
836,Suraj Kumar ,Oman,2019,2023,24,20,6,410,62,29.28,533,76.92,0.0,3.0
837,Ahmed Raza ,United Arab Emirates,2014,2022,53,41,7,409,50,12.02,674,60.68,0.0,1.0
838,GB Brent ,Zimbabwe,1996,2008,70,54,20,408,59,12.0,698,58.45,0.0,1.0
839,FDW McCreath ,Scotland,2025,2026,17,14,0,408,81,29.14,578,70.58,0.0,3.0
840,Saud Shakeel ,Pakistan,2021,2025,19,16,1,408,68,27.2,478,85.35,0.0,4.0
841,CB Lambert ,United States,1990,2004,12,12,0,407,119,33.91,540,75.37,1.0,2.0
842,CM McBride ,Scotland,2022,2026,22,19,1,407,56,22.61,566,71.9,0.0,1.0
843,RW Price ,Zimbabwe,2002,2012,102,59,17,406,46,9.66,701,57.91,0.0,0.0
844,A Athanaze ,West Indies,2023,2025,17,17,0,405,66,23.82,525,77.14,0.0,2.0
845,IR Bishop ,West Indies,1988,1997,84,44,19,405,33,16.2,776,52.19,0.0,0.0
846,AGS Gous ,United States,2024,2025,14,14,1,405,83,31.15,480,84.37,0.0,4.0
847,EA Brandes ,Zimbabwe,1987,1999,59,41,10,404,55,13.03,448,90.17,0.0,2.0
848,ID Blackwell ,England,2002,2006,34,29,2,403,82,14.92,465,86.66,0.0,1.0
849,F Mutizwa ,Zimbabwe,2009,2011,17,15,2,403,79,31.0,502,80.27,0.0,4.0
850,AK Sah ,Nepal,2018,2025,17,17,2,403,112,26.86,466,86.48,1.0,4.0
851,JP Bray ,Ireland,2006,2007,15,15,1,401,116,28.64,594,67.5,2.0,0.0
852,RG de Alwis ,Sri Lanka,1983,1988,31,27,8,401,59,21.1,512,78.32,0.0,2.0
853,S Madan Lal ,India,1974,1987,67,35,14,401,53,19.09,645,62.17,0.0,1.0
854,K Rabada ,South Africa,2015,2025,106,45,18,401,31,14.85,507,79.09,0.0,0.0
855,TBM de Leede ,Netherlands,1996,2007,29,25,1,400,58,16.66,628,63.69,0.0,2.0
856,WS Jayantha ,Sri Lanka,2004,2004,17,17,2,400,74,26.66,530,75.47,0.0,2.0
857,Mushtaq Ahmed ,Pakistan,1989,2003,144,76,34,399,34,9.5,698,57.16,0.0,0.0
858,Sohail Tanvir ,Pakistan,2007,2014,62,40,11,399,59,13.75,458,87.11,0.0,1.0
859,A Zampa ,Australia,2016,2026,121,64,24,398,36,9.95,618,64.4,0.0,0.0
860,DR Chumney ,Canada,2003,2007,21,21,2,397,48,20.89,595,66.72,0.0,0.0
861,Mohammad Naveed ,United Arab Emirates,2014,2019,39,34,10,397,45,16.54,323,122.91,0.0,0.0
862,Ali Naseer ,United Arab Emirates,2023,2024,17,17,2,396,61,26.4,390,101.53,0.0,3.0
863,IA Karim ,Kenya,2011,2014,9,9,0,396,112,44.0,522,75.86,2.0,1.0
864,Naseem Khushi ,Oman,2020,2023,32,25,2,395,69,17.17,351,112.53,0.0,1.0
865,AB Barath ,West Indies,2010,2012,14,14,1,394,113,30.3,612,64.37,1.0,1.0
866,Jaker Ali ,Bangladesh,2024,2025,12,12,2,394,68,39.4,502,78.48,0.0,3.0
867,Shoaib Akhtar ,Asia,1998,2011,163,84,40,394,43,8.95,538,73.23,0.0,0.0
868,JL Smith ,England,2023,2025,19,18,0,392,64,21.77,349,112.32,0.0,3.0
869,T Stubbs ,South Africa,2023,2025,15,15,2,392,112,30.15,462,84.84,1.0,3.0
870,T Thushara ,Sri Lanka,2008,2010,38,27,6,392,54,18.66,424,92.45,0.0,1.0
871,PJ Ongondo ,Afr,1999,2011,79,62,19,391,36,9.09,621,62.96,0.0,0.0
872,Washington Sundar ,India,2017,2026,32,21,2,391,51,20.57,471,83.01,0.0,1.0
873,Aryan Lakra ,United Arab Emirates,2022,2023,16,16,0,387,84,24.18,668,57.93,0.0,4.0
874,Mirwais Ashraf ,Afghanistan,2009,2016,46,38,11,387,52,14.33,543,71.27,0.0,1.0
875,Ikram Alikhil ,Afghanistan,2019,2025,32,23,5,386,86,21.44,580,66.55,0.0,3.0
876,SA Engelbrecht ,Netherlands,2023,2024,12,12,1,385,70,35.0,587,65.58,0.0,2.0
877,AF Giles ,England,1997,2005,62,35,13,385,41,17.5,551,69.87,0.0,0.0
878,MA Jones ,Scotland,2018,2024,16,14,0,385,87,27.5,572,67.3,0.0,3.0
879,Hannan Sarkar ,Bangladesh,2002,2004,20,20,0,383,61,19.15,713,53.71,0.0,3.0
880,Hasan Ali ,Pakistan,2016,2025,68,39,11,383,59,13.67,330,116.06,0.0,2.0
881,Sadiq Mohammad ,Pakistan,1973,1980,19,19,1,383,74,21.27,755,50.72,0.0,2.0
882,Asif Ali ,Pakistan,2018,2022,21,16,1,382,52,25.46,314,121.65,0.0,3.0
883,J Gumbie ,Zimbabwe,2023,2024,16,16,0,382,78,23.87,581,65.74,0.0,2.0
884,CN Greaves ,Scotland,2022,2025,30,23,6,381,56,22.41,427,89.22,0.0,2.0
885,MH Dekker ,Zimbabwe,1992,1996,23,22,2,379,79,18.95,798,47.49,0.0,2.0
886,G Motie ,West Indies,2022,2026,36,23,6,379,63,22.29,382,99.21,0.0,2.0
887,DM Wellham ,Australia,1981,1987,17,17,2,379,97,25.26,699,54.22,0.0,1.0
888,U Bhatti ,Canada,2006,2010,36,30,8,378,46,17.18,513,73.68,0.0,0.0
889,GF Lawson ,Australia,1980,1989,79,52,18,378,33,11.11,500,75.6,0.0,0.0
890,MR Ramprakash ,England,1991,2001,18,18,4,376,51,26.85,544,69.11,0.0,1.0
891,SA Abbott ,Australia,2014,2025,29,21,2,374,69,19.68,388,96.39,0.0,2.0
892,Al Sahariar ,Bangladesh,1999,2003,29,29,1,374,62,13.35,709,52.75,0.0,2.0
893,CC Lewis ,England,1990,1998,53,40,14,374,33,14.38,459,81.48,0.0,0.0
894,SMH Kirmani ,India,1976,1986,49,31,13,373,48,20.72,616,60.55,0.0,0.0
895,DS de Silva ,Sri Lanka,1975,1985,41,29,10,371,37,19.52,691,53.69,0.0,0.0
896,S Chattergoon ,West Indies,2006,2009,18,17,2,370,54,24.66,615,60.16,0.0,2.0
897,Saad Bin Zafar ,Canada,2023,2026,34,29,4,369,35,14.76,499,73.94,0.0,0.0
898,PJ Forrest ,Australia,2012,2012,15,14,0,368,104,26.28,561,65.59,1.0,3.0
899,IG Holland ,United States,2019,2022,15,14,0,368,75,26.28,475,77.47,0.0,2.0
900,DW Steyn ,Afr,2005,2019,125,51,12,365,60,9.35,562,64.94,0.0,1.0
901,DT Tiripano ,Zimbabwe,2014,2022,38,29,8,364,55,17.33,549,66.3,0.0,1.0
902,WM Darling ,Australia,1978,1982,18,18,1,363,74,21.35,679,53.46,0.0,1.0
903,Mohammad Amir ,Pakistan,2009,2019,61,30,10,363,73,18.15,444,81.75,0.0,2.0
904,SP Narine ,West Indies,2011,2016,65,45,12,363,36,11.0,441,82.31,0.0,0.0
905,SS Karim ,India,1997,2000,34,27,4,362,55,15.73,560,64.64,0.0,1.0
906,Mohammad Saifuddin ,Bangladesh,2017,2021,29,19,9,362,51,36.2,422,85.78,0.0,2.0
907,R Rampaul ,West Indies,2003,2015,92,40,11,362,86,12.48,472,76.69,0.0,1.0
908,Shahriar Hossain ,Bangladesh,1997,2004,20,19,0,362,95,19.05,682,53.07,0.0,2.0
909,DG Brownlie ,New Zealand,2012,2017,16,15,1,361,63,25.78,486,74.27,0.0,1.0
910,Hazratullah Zazai ,Afghanistan,2018,2019,16,16,0,361,67,22.56,409,88.26,0.0,2.0
911,WK McCallan ,Ireland,2006,2009,39,28,10,361,50,20.05,419,86.15,0.0,1.0
912,RC Irani ,England,1996,2003,31,30,5,360,53,14.4,549,65.57,0.0,1.0
913,Mushfiqur Rahman ,Bangladesh,2000,2004,28,25,3,360,49,16.36,690,52.17,0.0,0.0
914,BJ Patel ,Kenya,2001,2006,31,25,3,360,44,16.36,736,48.91,0.0,0.0
915,AD Brown ,England,1996,2001,16,16,0,354,118,22.12,427,82.9,1.0,1.0
916,ADS Fletcher ,West Indies,2008,2016,25,25,0,354,54,14.16,549,64.48,0.0,2.0
917,Nasir Jamal ,Afghanistan,2014,2018,16,14,1,352,53,27.07,537,65.54,0.0,3.0
918,Harmeet Singh ,United States,2024,2026,29,21,5,350,59,21.87,338,103.55,0.0,2.0
919,Wajahatullah Wasti ,Pakistan,1999,2000,15,15,0,349,84,23.26,713,48.94,0.0,1.0
920,SJ Baard ,Namibia,2019,2022,19,19,0,348,73,18.31,595,58.48,0.0,2.0
921,BJ Bennett ,Zimbabwe,2024,2025,11,11,0,348,169,31.63,362,96.13,1.0,0.0
922,SP Krishnamurthi ,United States,2021,2026,22,18,3,348,61,23.2,350,99.42,0.0,2.0
923,Zahid Fazal ,Pakistan,1990,1994,19,18,3,348,98,23.2,584,59.58,0.0,2.0
924,R Hekure ,Papua New Guinea,2019,2023,25,24,2,347,58,15.77,461,75.27,0.0,1.0
925,PM Seelaar ,Netherlands,2006,2022,57,39,10,347,43,11.96,593,58.51,0.0,0.0
926,RDB Croft ,England,1996,2001,50,36,12,345,32,14.37,519,66.47,0.0,0.0
927,Ashfaq Ahmed ,United Arab Emirates,2018,2019,16,16,0,344,92,21.5,387,88.88,0.0,2.0
928,M Theekshana ,Sri Lanka,2021,2026,61,34,13,344,38,16.38,624,55.12,0.0,0.0
929,GP Wickramasinghe ,Sri Lanka,1990,2002,134,64,24,344,32,8.6,543,63.35,0.0,0.0
930,DNT Zoysa ,Sri Lanka,1997,2007,95,47,21,343,47,13.19,358,95.81,0.0,0.0
931,B Bhandari ,Nepal,2019,2026,20,17,0,341,59,20.05,556,61.33,0.0,2.0
932,BJ Curran ,Zimbabwe,2024,2025,8,8,1,340,118,48.57,454,74.88,1.0,2.0
933,HH Kanitkar ,India,1997,2000,34,27,8,339,57,17.84,512,66.21,0.0,1.0
934,M Vijay ,India,2010,2015,17,16,0,339,72,21.18,506,66.99,0.0,1.0
935,BE Congdon ,New Zealand,1973,1978,11,9,3,338,101,56.33,472,71.61,1.0,2.0
936,PWA Mulder ,South Africa,2017,2025,30,24,6,338,64,18.77,398,84.92,0.0,2.0
937,CM Old ,England,1973,1981,32,25,7,338,51,18.77,401,84.28,0.0,1.0
938,MG Burgess ,New Zealand,1973,1981,26,20,0,336,47,16.8,515,65.24,0.0,0.0
939,NM Hauritz ,Australia,2002,2011,58,32,17,336,53,22.4,349,96.27,0.0,1.0
940,SD Outerbridge ,BER,2006,2009,23,23,0,336,56,14.6,612,54.9,0.0,1.0
941,Tapash Baisya ,Bangladesh,2002,2007,56,41,13,336,35,12.0,576,58.33,0.0,0.0
942,SS Pathirana ,Sri Lanka,2015,2017,18,14,1,332,56,25.53,383,86.68,0.0,1.0
943,Shaheen Shah Afridi ,Pakistan,2018,2026,77,44,19,332,37,13.28,392,84.69,0.0,0.0
944,KA Edwards ,West Indies,2011,2014,16,16,2,331,123,23.64,494,67.0,1.0,0.0
945,Manjural Islam Rana ,Bangladesh,2003,2006,25,21,5,331,63,20.68,668,49.55,0.0,1.0
946,S Mukuddem ,BER,2006,2007,20,18,4,331,57,23.64,650,50.92,0.0,1.0
947,Adnan Mufti ,United Arab Emirates,2017,2018,18,16,4,330,57,27.5,409,80.68,0.0,1.0
948,Asif Iqbal ,Pakistan,1973,1979,10,8,2,330,62,55.0,466,70.81,0.0,5.0
949,D Wiese ,Namibia,2015,2022,15,15,2,330,67,25.38,369,89.43,0.0,1.0
